${\Delta t}_{I,J}$	$I$	$J$
9.66487500070769e-11	1	2
4.463507360204004e-09	4	1 2
1.6689782144535492e-07	3	1 2 4
