#	Tc	k	lambda_k	RE
0	3	-6.296222012043821827985089726645087940293346665268376120765e10	0.101951459869212908929401717085245856737690540451828079593
50	3	-1.339854544116441601684031785001642816384337297446375228982e11	0.087716403031350604315775259586642744087800711133881334129
100	3	-2.442218941428231320397546074115228257372758297406332915164e11	0.177837390548351051219484441379264178472271132419974005469
150	3	-8.667754657425924299658211210521392620631398183829699947769e11	1.835974432690924089058234326045729558920511813382693002674
200	3	-1.0710170091495192833513956643881594011302687035814594923551e12	1.537184047704544999872305762477325953160516174587320349496
250	3	-2.096705777557728135046205424000926291577836814055719534998e12	2.836799387363524682957283893451881043324974409874855119751
