#	Tc	k	lambda_k	RE
0	2	-5.809813365066941912246417604344291268911574657599912674007e9	0.008907052234136895447997408195742570645383377122945884225
50	2	-1.834220227210210562363254843160141701745535419669277141672e10	0.01254501165354221665451249838987003886189330258977669397
100	2	-4.402075466772674082900429287330775011164208648394369168311e10	0.016268948664163866917641961958074609033542604678211507483
150	2	-9.008149897619026787960680921435319061263149810510025835877e10	0.042507831869614100810319721909679445363201464194476803948
200	2	-1.559914142680179827604272030592963369209802175375188773993e11	0.047671526957891294598199102097834091662772974525294103462
250	2	-6.169078463833799909339065432006005837768334697726924560321e11	1.639037682230052942340191940876477130357934817490173521547
