#	Tc	k	lambda_k
0	4	-4.392707467673385360996284634786088460244072548527071031636e11
50	4	-1.387267197386614516800253038707452461732696797360622041566e11
100	4	-7.99753059843853314932346345063655411230135092765516950741e11
150	4	-1.0209919406057587144258922033244500755179863782485305387328e12
200	4	-1.781330267667556767785878517726733744124395856745997663757e12
250	4	-2.452098165106806078000284686065415060348239804169102511827e12
