#	Tc	k	lambda_k	RE
0	1	-3.493578127630703425592822419196737182757232343706572896068e-13	1.589325673846948974357240380524231990919e-18
50	1	-1.470011285171483336199922628750100806586842255006218939193e-9	2.6293856082700401036610893074128830754e-20
100	1	-6.28537008597005683088207376587869975225624406005605294726e-7	4.560845644157878450725914168257248644740037e-15
150	1	-0.0000641759257535873095016345584600087081367548279068262966207	4.20136378675029853172313952539989542729263e-15
200	1	-0.002426020498868443338580030704136309375015332285858597894133	1.6168340865807128505876606850809892900624264e-14
250	1	-0.04662488897813810063705415369658936133401338927256856403905	3.33988217316067976320120180603956431840599598e-13
