#	Tc	k	lambda_k
0	2	-5.809813365066941912246417604344291268911574657599912674007e9
50	2	-1.834220227210210562363254843160141701745535419669277141672e10
100	2	-4.402075466772674082900429287330775011164208648394369168311e10
150	2	-9.008149897619026787960680921435319061263149810510025835877e10
200	2	-1.559914142680179827604272030592963369209802175375188773993e11
250	2	-6.169078463833799909339065432006005837768334697726924560321e11
