#	\lambda	A / [s]	E_a / [kJ/mol]	RE[A] / [s]	RE[E_a] / [kJ/mol]
\lambda_1	6.6635935674872763223182110935452538516188975484860317785e10	121.68092674107374788106843023883967410504450371754137758795	3.6983279661137097022731188397899447822692057e-13	8.071618606008535126971248587163897841753349e-15
\lambda_2	3.83417873082022332541095761205716681061525891726623400478e13	20.438325272698977167785105054966481091504878142319092869607	1.93806433356902649923425282919693023609461743406510706099	0.1601833423288334225063600665390286995711055379683038571523
\lambda_3	8.52841370489468949042443809055229569576046541645650467223e13	16.916645704015858600434902844636511933014365355843192392633	12.3600428900543437235680397733008590098426622972177385421	0.5856280493446809383137475068439118106211508623213858148451
\lambda_4	2.21516041758550947492037005635505658310992942587384406756e13	10.568667664688223621455815990651290393929906543669156565254	2.87992174170749778411813018278488284669002260807675343289	0.0362421281739663318375295916344081426837761186808086619849
