#	Tc	k	lambda_k
0	3	-6.296222012043821827985089726645087940293346665268376120765e10
50	3	-1.339854544116441601684031785001642816384337297446375228982e11
100	3	-2.442218941428231320397546074115228257372758297406332915164e11
150	3	-8.667754657425924299658211210521392620631398183829699947769e11
200	3	-1.0710170091495192833513956643881594011302687035814594923551e12
250	3	-2.096705777557728135046205424000926291577836814055719534998e12
