#	Tc	k	lambda_k	RE
0	4	-4.392707467673385360996284634786088460244072548527071031636e11	5.73982549263523027520612608533067969863479940940031316733
50	4	-1.387267197386614516800253038707452461732696797360622041566e11	0.09910573391320998427673245933564466111115955246510060163
100	4	-7.99753059843853314932346345063655411230135092765516950741e11	2.820462450418022626000954201047127031910071177491524516667
150	4	-1.0209919406057587144258922033244500755179863782485305387328e12	2.23219752010715748569073883193089671953427957640505611507
200	4	-1.781330267667556767785878517726733744124395856745997663757e12	3.178641896069653173449163133419742140682472576537247894971
250	4	-2.452098165106806078000284686065415060348239804169102511827e12	3.416599762814095526168735841287020638435075317205061550143
