#	Tc	k	lambda_k
0	1	-3.493578127630703425592822419196737182757232343706572896068e-13
50	1	-1.470011285171483336199922628750100806586842255006218939193e-9
100	1	-6.28537008597005683088207376587869975225624406005605294726e-7
150	1	-0.0000641759257535873095016345584600087081367548279068262966207
200	1	-0.002426020498868443338580030704136309375015332285858597894133
250	1	-0.04662488897813810063705415369658936133401338927256856403905
