#	Tc	k	lambda_k	RE
0	2	-5.758521909626474999006948471532105334707120939870335819116511243280705248553932909935233827289974624801578845195063685343886437383825163846346546125425862376206030210970153778023226605819503518148e9	0.e-196
50	2	-1.811495001308464361300485058680092626232882476180578378463006297220803027596441302547964311682017794949599677104546495973719395295140502155666988074881450301388612844232054296418607835081406294681e10	0.e-195
100	2	-4.33160481047757292216133968520358062855086904840239103433971421266375567732041401641728274623460232515491497412066242838289326259334250701178809888870874127039934071813801737716429106203901670109e10	0.e-195
150	2	-8.6408462576861320932453044180932062404667975357018180278211773942358963699117733930667578960888456494282945326591206726750309151191899000135427119967627693500581281680331329170012087349317565994e10	0.e-195
200	2	-1.488934367825838801937187040595897339586606496280378205391809064811929867273483564588256383788032952829295931238099028746608645417520823396819555605359536196851232311145311172763813965737318185087e11	0.e-195
250	2	-2.3376242428720373518841523252941644265569508912469279435442569968061349798851876362711181451853174737368327099569309061338650657942702853121241749965469345913881137920553797277900267635744223020617e11	0.e-196
