#	Tc	k	lambda_k	RE
0	2	-5.7585219096265e9	0.e-14
50	2	-1.8114950013084624282e10	0.e-20
100	2	-4.3316048104775692526764e10	0.e-24
150	2	-8.6408462576861209585894695e10	0.e-26
200	2	-1.488934367825839487820371931204e11	0.e-30
250	2	-2.3376242428720358734842006403601e11	0.e-32
