#	Tc	k	lambda_k
0	1	-3.5101679592489e-13
50	1	-1.4700112851591777121e-9
100	1	-6.28537008597013150479407e-7
150	1	-0.000064175925753593762251586654
200	1	-0.002426020498868404113853657564428
250	1	-0.046624888978122528473501790966991
