#	Tc	k	lambda_k	RE
0	4	-6.517538877636227778889933175469525773513183392135534603712803001636120493195216879670366542264110669233682435935714290514031059716495310087347203157345267594321037280972779260172797454483966616183e10	0.e-196
50	4	-1.262178109514037884363860522941547569912055941763056744379993870953952102506159678676787940566807902909391166346567192299271036240013982377884805655777821815061336890754479566036242614319753924738e11	0.e-195
100	4	-2.09334097697085495678359251861134566975391157000186013703068009641141628719045808947348762803331906813048926014250536910800294531588940054775910162957478846998936457430056280752437862529306089905e11	0.e-195
150	4	-3.158816669631965548287526836660913675218426829266113948398051766774900381260924177003261197966334924376765894496845497121203948129367895544503111872897266942386940197833380265525736442820939896419e11	0.e-195
200	4	-4.262940716080604121377432109951779116210785084463319810240533693421455193864234800474531938256016273217508462410187801620820013010192393187425103141124042705105549646039024268358916954388968002124e11	0.e-195
250	4	-5.552004475824222073686091286410051870805164149977485171862449158383666294120155529568384766279595284208298184089713119208581565625759550653909687320734311852151608579733697186678015146328667342554e11	0.e-196
