#	Tc	k	lambda_k
0	4	-6.5175388776362e10
50	4	-1.2621781095140378685e11
100	4	-2.09334097697085578135042e11
150	4	-3.1588166696319649091814065e11
200	4	-4.26294071608060101849850485081e11
250	4	-5.5520044758242231628697781638106e11
