#	\lambda	A / [s]	E_a / [kJ/mol]	RE[A] / [s]	RE[E_a] / [kJ/mol]
\lambda_1	6.629026977264e10	121.662040799453	0.005187379733	0.000155208726016
\lambda_2	1.3050016253945e13	17.6164615772486	2.e-13	4.e-14
\lambda_3	6.383522699051e12	10.668735149462	1.e-13	3.8e-14
\lambda_4	5.70929148847e12	10.19903300333154	2.e-13	5.4e-14
