#	Tc	k	lambda_k	RE
0	4	-6.5175388776362e10	0.e-14
50	4	-1.2621781095140378685e11	0.e-20
100	4	-2.09334097697085578135042e11	0.e-24
150	4	-3.1588166696319649091814065e11	0.e-26
200	4	-4.26294071608060101849850485081e11	0.e-30
250	4	-5.5520044758242231628697781638106e11	0.e-32
