#	Tc	k	lambda_k	RE
0	1	-3.5101679592489e-13	0.00474866483935
50	1	-1.4700112851591777121e-9	8.37110858e-12
100	1	-6.28537008597013150479407e-7	7.319745471e-15
150	1	-0.000064175925753593762251586654	1.0474919190647e-13
200	1	-0.002426020498868404113853657564428	4.4e-29
250	1	-0.046624888978122528473501790966991	0.e-32
