#	Tc	k	lambda_k
0	2	-5.7585219096265e9
50	2	-1.8114950013084624282e10
100	2	-4.3316048104775692526764e10
150	2	-8.6408462576861209585894695e10
200	2	-1.488934367825839487820371931204e11
250	2	-2.3376242428720358734842006403601e11
