#	\lambda	A / [s]	E_a / [kJ/mol]	RE[A] / [s]	RE[E_a] / [kJ/mol]
\lambda_1	6.6635935674848680061206668665484929862894951657001321473175890629018053181760232950617259306303478484401609947710442925343455880077812140248326292556484889479901466399404282855924772279958977514e10	121.6809267410727926679858051204483290223059958962713889862806727250965886996247993266975803999879465599034929478040837837753729506485779943651662206721798547547056096101376851524343098484344929762	3.8496e-190	1.1487e-191
\lambda_2	1.30500162539417300102560242658788758192330322989931853709024164512799850838798910123589754095711070626946841528555345747664803164909521279745508873501216270854362565068402874887672912189520028778e13	17.61646157724793271849133290168512523564986265203016179709886659583109759292022667929118992166247560451814805656689590264386805320788219352721630702056201752048716696643222176508055780656755856494	0.e-194	0.e-196
\lambda_3	6.3835226990502545521185285713950928760953051647288440655076480104323180432896870997486357810156009846722463975216529164867047823696093134919408370859406685134841504011661543794044620586055717243e12	10.668735149461616881260289149432586454584219765975486606444338316218050856502288907891990749960838900159999256143390258177675780140762530590114232976340315112832682458974233426445684735548689319552	0.e-194	0.e-196
\lambda_4	5.7092914884686569055010954255756578718908159730355644236828430540329762206371864999432453336363426033595159575112904920975036450611503400828462096953408725458880022859435194880628076773632440323e12	10.199033003330990217259499314064204202900297590423045867546583131947365109009917122575613913363713169016229446170073426019121938816914465092616722656060789710786521805451698966990593761087590157002	0.e-194	0.e-196
