#	Tc	k	lambda_k	RE
0	1	-3.493578127630682020554063160562598695916073505760616136804572947072076067837503677052513030726503446458630708950770266801264813166203319688540125620617645925101184623263472788887832803126504864809e-13	1.352107e-190
50	1	-1.470011285171490139850209824992970450546655758279549734591148856215040537868245753790922065009951721980129030748824415899153364937890502923771486537978379243749142257345043294330154981761256633401e-9	1.2e-194
100	1	-6.28537008597005973727273555467850465726347801486388764788448763694448298606405771129249540874120218935335480373055636967370771411170400505918240182240954001705727045781920778081017168746227705888e-7	0.e-195
150	1	-0.00006417592575358712981279949532412770174494657273883098479377667055398149411189247353349511718388682529341654533713965386797804260863230684739029832058034704657869455927798330576283865313223772362473	0.e-195
200	1	-0.002426020498868407404857848591498547438788517555934072146129590799322609573687034223983451911065144311822423219127057913746570040361056298842262380655921553878991953839638723239703607168197697282807	0.e-195
250	1	-0.04662488897812262462981326472677910829183841422732075523540006415467929511905732615749820493848702591471410942122701264221823241784103457017546399904627488555469964907362868810424247829946431434891	1.401e-193
