#	Tc	k	lambda_k
0	3	-5.7137017748414e10
50	3	-1.2318050370320872778e11
100	3	-2.07347717182864939747388e11
150	3	-3.0563585332472463433827588e11
200	3	-4.2212822917537087532418074257e11
250	3	-5.4647261059914046856922979052587e11
