#	Tc	k	lambda_k	RE
0	2	-5.86531414445398358548824799301506836097948102931404219351430622444705572052562484615587711810487321568619515672615620831728250931543976675583363129377350910287691559438043532982016806138891470377803e9	0.01854507745277218829844870219954967402298560437389065307691961600667196784251575296203487974177194653097831543450602973934046681740436147826519351599900848040962519591899764507487813563784310973062
50	2	-1.85863923856472693493726166674609646837998393681466777272143203329046790935145578792375559825888224648909324659845212472470775388965889230556253151565406363110582691254705464941036978295693547433757e10	0.02602504407807348679369427581113876325144316723505788773452323683762539617458271234720759166221881552541993286903737275943302192589345776478268469422358292776888628006723400202765279927260753053917
100	2	-4.48450972252467069723440841579338946353421731622395058579835603665131025162597402116161439345596316419736639375783781532126146489682956134439901501842887040828843510432346200158475922529514607027444e10	0.03529982967911597924867382502397759759101152668541460670992593074561482459281039549081424042313852382692159032025371491975373005154499812260135247159243524783104222206508629653399831763171159127521
150	2	-9.00895359433588145291864588138014256872944634828230103892829226724693481973944277074973435518262581369583368835678839745292527629730981488201266200611632863614623976721893319812852885409570060665394e10	0.042600843212817685704799115616562713939698182089230650057377687796309373131164988499717939438323994418782567861653331313679578072637078500187315384050790473587210566658717665348692523962712081048719
200	2	-1.56854914626079792047658471679837464203865801985255339275980019490165882142856196171615435649288986504872142880708120925938472530931216089764571376919435543932632598880498765581257455059027486525117e11	0.053470979080974298739359725435825888059026797464462488279619442379305553453573069230920345732002006072515485599646501696910573483933591885796063265071756806876950975759590940822630570168805711865077
250	2	-2.48803349130758612194098743342180580889886672363685086784597039778633009574017956430606759183333456493719787058655402361453865942238501202534533992633059785034994531826757693374880061828688790389695e11	0.064342782589709069381924843402853572096300189830898413275739986214955053696507382229850878198235273849309692901962886184879465430283951814719352490932095056275093680660475872224111968558321473580318
