#	Tc	k	lambda_k	RE
0	2	-5.865314144453983585488247993015068360979481029314042193514e9	0.018545077452771810047147170753790483263515014080163272353
50	2	-1.858639238564726934937261666746096468379983936814667772721e10	0.026025044078074581698666119134333114308242906960306734977
100	2	-4.484509722524670697234408415793389463534217316223950585798e10	0.035299829679116856294781058542279535626909732193876500543
150	2	-9.008953594335881452918645881380142568729446348282301038928e10	0.042600843212819029207647819438910241032423740146040125433
200	2	-1.56854914626079792047658471679837464203865801985255339276e11	0.053470979080973813454013416333968322772823481455506545155
250	2	-2.488033491307586121940987433421805808898866723636850867846e11	0.064342782589709742511630421567754793885482089457272388658
