#	Tc	k	lambda_k
0	2	-5.865314144453983585488247993015068360979481029314042193514e9
50	2	-1.858639238564726934937261666746096468379983936814667772721e10
100	2	-4.484509722524670697234408415793389463534217316223950585798e10
150	2	-9.008953594335881452918645881380142568729446348282301038928e10
200	2	-1.56854914626079792047658471679837464203865801985255339276e11
250	2	-2.488033491307586121940987433421805808898866723636850867846e11
