#	Tc	k	lambda_k
0	2	-5.86531414445398358548824799301506836097948102931404219351430622444705572052562484615587711810487321568619515672615620831728250931543976675583363129377350910287691559438043532982016806138891470377803e9
50	2	-1.85863923856472693493726166674609646837998393681466777272143203329046790935145578792375559825888224648909324659845212472470775388965889230556253151565406363110582691254705464941036978295693547433757e10
100	2	-4.48450972252467069723440841579338946353421731622395058579835603665131025162597402116161439345596316419736639375783781532126146489682956134439901501842887040828843510432346200158475922529514607027444e10
150	2	-9.00895359433588145291864588138014256872944634828230103892829226724693481973944277074973435518262581369583368835678839745292527629730981488201266200611632863614623976721893319812852885409570060665394e10
200	2	-1.56854914626079792047658471679837464203865801985255339275980019490165882142856196171615435649288986504872142880708120925938472530931216089764571376919435543932632598880498765581257455059027486525117e11
250	2	-2.48803349130758612194098743342180580889886672363685086784597039778633009574017956430606759183333456493719787058655402361453865942238501202534533992633059785034994531826757693374880061828688790389695e11
