#	Tc	k	lambda_k
0	1	-3.49357812763070342559285641300748140094700695777384375343642674268795097734266968499811820540584131308765972105706265585943609259323239213700916020049328788600143591138519797654697674452174035880801e-13
50	1	-1.47001128517148333622126728846886376976426938304193054549453989105912440433610686526894650332136652383980344377837646321090962268324063245269262370116327549029089246697855341391305301921503562786756e-9
100	1	-6.28537008597005684979098961094235066055037697611292965758190668585652964011929569557835947704796289003492572355209911938149313388619583177970751183083835727244744151551145156446925219387605568379665e-7
150	1	-0.0000641759257535873377873766481699123671122122263513141314078017821236922611406402840790328335342981461362060524697628719291504138051313811408057534866123000391062346676167910552415870537866336788430132
200	1	-0.00242602049886844598063940367251844250825556867130486861113213711413927644888683994862979256086229840035120186254864066259105006212801266033283246476156436453543250008292276511130325431335421037436134
250	1	-0.0466248889781343508093741227512939387639540801111480520211383105008661612263628587600251448511203667907141374901284506909451555754697613532201384775116575751804381705943881564991478813593608334985455
