#	\lambda	A / [s]	E_a / [kJ/mol]	RE[A] / [s]	RE[E_a] / [kJ/mol]
\lambda_1	6.663593567486713950764120640516901687886503404058581381894703119534820702881450554709548383883894427488870687020760231940160649083277612823923146072578046129650020877539341733971887234841848688755e10	121.6809267410735232660812482190763167058464190638480463826952306351926216982210421377163197085911277695058775305364468093704975243599346922637011867709961994869836631090880592157658139674353553021104	2.770193927284365132708740762891264568758996107219966856758280845707798748613323508070644035992013194805866459906996378862914532107835491024930347429025468797821931099397276032124714736e-13	6.004212122724480108158265914329017533240466735140372106038636988733022748720655719328160198196177230914652983035119402661485759904206700026389286428253655195889814062159231552429847171e-15
\lambda_2	1.44702585665263603323549786359755697931752304850040220567989719682510662461272896073057956560971646815185000375577416244431944626644410906248797371129280063650033127126617953749173234438847790627464e13	17.81871161671660371258895828488005265572678571023393640776595360631990808518460847412044710941391598390154140922361196848860499162899344653005570077152292911664447871964646667475470416636969841325298	0.10883069300052780497202933958940237144406660142509639119873364010590614950101823536746857062754378128914246898416173981523151446436072011529789155629178964635200264419980079205970993882785763041592	0.011480741383949748143909386541871488593887004587249603566967380760151032316409619662206974958600449320788837733980595186739661572593458867204216416693231601950103560783595701300003539664118564879584
