#	Tc	k	lambda_k	RE
0	1	-3.49357812763070342559285641300748140094700695777384375343642674268795097734266968499811820540584131308765972105706265585943609259323239213700916020049328788600143591138519797654697674452174035880801e-13	6.12696725570845572047693287673817836286258598778110219629434165707385315350243720474765822658651027853930385371157325020352280498357970191687755799212049100475079333599085088915442181e-15
50	1	-1.47001128517148333622126728846886376976426938304193054549453989105912440433610686526894650332136652383980344377837646321090962268324063245269262370116327549029089246697855341391305301921503562786756e-9	4.62828347725427096017159625809099599332298456028280304036168355807007948989316155007168276488725143918161284178248597877150821496575828548821749338257491498846190639422552842219546178e-15
100	1	-6.28537008597005684979098961094235066055037697611292965758190668585652964011929569557835947704796289003492572355209911938149313388619583177970751183083835727244744151551145156446925219387605568379665e-7	4.5939725210279219005097960716536038238469039040380411814339719175322161557244031982934013422478632824046756208979530587456041245981889465092272724728768516495855921766465586977054755e-16
150	1	-0.0000641759257535873377873766481699123671122122263513141314078017821236922611406402840790328335342981461362060524697628719291504138051313811408057534866123000391062346676167910552415870537866336788430132	3.240694617345991185632512798764682234586405133777530248609569753723121072476029985677543369891953300837115182129582432878975931354843186314087279805437944161174985147460687120953767646e-15
200	1	-0.00242602049886844598063940367251844250825556867130486861113213711413927644888683994862979256086229840035120186254864066259105006212801266033283246476156436453543250008292276511130325431335421037436134	1.5900847323043766935321319180678004352397067998484082462296380607096783651056334796332846242134871279159150965448072131632902462653597881023366444409098330292273211197378003526052915168e-14
250	1	-0.0466248889781343508093741227512939387639540801111480520211383105008661612263628587600251448511203667907141374901284506909451555754697613532201384775116575751804381705943881564991478813593608334985455	2.51500428587834145767282421608929484048758771000409162011212270444438849699303541612468011919639119471604728066841337934867543428851027661352017067426492062721839635296998182141049298343e-13
