#	\lambda	A / [s]	E_a / [kJ/mol]	RE[A] / [s]	RE[E_a] / [kJ/mol]
\lambda_1	6.6635935674867139507641206405169016878865034040209081319e10	121.6809267410735232660812482190763167058464190638360988585	2.8543816053474101271688804599536173797457594e-13	6.225684381165044192186545852114317931688079e-15
\lambda_2	1.44702585665263603323549786359755697931752304850040220568e13	17.818711616716603712588958284880052655726785710233936407766	0.10883069300052894478961433622674291006381157554343637974	0.0114807413839498436111439304301746744258028331184439608261
