#	\lambda	A / [s]	E_a / [kJ/mol]	RE[A] / [s]	RE[E_a] / [kJ/mol]
\lambda_1	6.6635935674848680061206668665484929862894951657001321473175890629018053181760232950617259306303478484401609947710442925343455880077812140248326292556484889479901466399404282855924772279958951378832e10	121.6809267410727926679858051204483290223059958962713889862806727250965886996247993266975803999879465599034929478040837837753729506485779943651662206721798547547056096101376851524343098484344915520658	7.25826e-192	2.16668e-193
\lambda_2	1.3050016253941730010256024265878875819233032298993185370902416451279985083879891012358975409571107062694684152855534574766480316490952127974550887350121627085436256506840287488767291218952002877815e13	17.61646157724793271849133290168512523564986265203016179709886659583109759292022667929118992166247560451814805656689590264386805320788219352721630702056201752048716696643222176508055780656755856493758	0.e-197	0.e-198
