#	Tc	k	lambda_k
0	1	-3.49357858180771e-13
50	1	-1.4700112851711684606248e-9
100	1	-6.2853700859700855070886876e-7
150	1	-0.000064175925753587038399980811916
200	1	-0.00242602049886840411385365756432152
250	1	-0.0466248889781225284735017909669915
