#	Tc	k	lambda_k	RE
0	1	-3.49357858180771e-13	1.30003392e-7
50	1	-1.4700112851711684606248e-9	2.141994008e-13
100	1	-6.2853700859700855070886876e-7	1.52796656e-18
150	1	-0.000064175925753587038399980811916	2.298748770547e-17
200	1	-0.00242602049886840411385365756432152	0.e-32
250	1	-0.0466248889781225284735017909669915	0.e-34
