#	Tc	k	lambda_k
0	2	-5.758521909626477e9
50	2	-1.8114950013084624281948e10
100	2	-4.3316048104775692526763961e10
150	2	-8.6408462576861209585894694588e10
200	2	-1.48893436782583948782037193120431e11
250	2	-2.337624242872035873484200640360118e11
