#	Tc	k	lambda_k
0	1	-3.49357812763068202055406316056259869591607350576061613680457294707207606783750367705251303072650344645863070895077026680126481316620331968854012562061764592510118462326347278888783280312648542002366e-13
50	1	-1.47001128517149013985020982499297045054665575827954973459114885621504053786824575379092206500995172198012903074882441589915336493789050292377148653797837924374914225734504329433015498176125662213667e-9
100	1	-6.285370085970059737272735554678504657263478014863887647884487636944482986064057711292495408741202189353354803730556369673707714111704005059182401822409540017057270457819207780810171687462277058935e-7
150	1	-0.0000641759257535871298127994953241277017449465727388309847937766705539814941118924735334951171838868252934165453371396538679780426086323068473902983205803470465786945592779833057628386531322377236247272
200	1	-0.00242602049886840740485784859149854743878851755593407214612959079932260957368703422398345191106514431182242321912705791374657004036105629884226238065592155387899195383963872323970360716819769728280741
250	1	-0.0466248889781226246298132647267791082918384142273207552354000641546792951190573261574982049384870259147141094212270126422182324178410345701754639990462748855546996490736286881042424782994643143423826
