#	Tc	k	lambda_k	RE
0	2	-5.758521909626477e9	0.e-16
50	2	-1.8114950013084624281948e10	0.e-22
100	2	-4.3316048104775692526763961e10	0.e-26
150	2	-8.6408462576861209585894694588e10	0.e-29
200	2	-1.48893436782583948782037193120431e11	0.e-32
250	2	-2.337624242872035873484200640360118e11	0.e-34
