#	\lambda	A / [s]	E_a / [kJ/mol]	RE[A] / [s]	RE[E_a] / [kJ/mol]
\lambda_1	6.663592616447883e10	121.68092622280931	1.42721329e-7	4.25920043e-9
\lambda_2	1.305001625394172e13	17.6164615772479311	0.e-15	0.e-17
