#	Tc	k	lambda_k	RE
0	1	-3.4935781276306820205540631605625986959160735057606161368045729470720760678375036770525130307265034464586307089507702668012648131662033196885401256206176459251011846232634727888878328031265053602482e-13	6.60347e-192
50	1	-1.47001128517149013985020982499297045054665575827954973459114885621504053786824575379092206500995172198012903074882441589915336493789050292377148653797837924374914225734504329433015498176125663345198e-9	2.207e-194
100	1	-6.28537008597005973727273555467850465726347801486388764788448763694448298606405771129249540874120218935335480373055636967370771411170400505918240182240954001705727045781920778081017168746227705888094e-7	8.e-197
150	1	-0.0000641759257535871298127994953241277017449465727388309847937766705539814941118924735334951171838868252934165453371396538679780426086323068473902983205803470465786945592779833057628386531322377236247332	2.e-198
200	1	-0.0024260204988684074048578485914985474387885175559340721461295907993226095736870342239834519110651443118224232191270579137465700403610562988422623806559215538789919538396387232397036071681976972828074	0.e-198
250	1	-0.0466248889781226246298132647267791082918384142273207552354000641546792951190573261574982049384870259147141094212270126422182324178410345701754639990462748855546996490736286881042424782994643143423826	0.e-198
