#	Tc	k	lambda_k
0	2	-5.7585219096264749990069484715321053347071209398703358191165112432807052485539329099352338272899746248015788451950636853438864373838251638463465461254258623762060302109701537780232266058195035181483e9
50	2	-1.81149500130846436130048505868009262623288247618057837846300629722080302759644130254796431168201779494959967710454649597371939529514050215566698807488145030138861284423205429641860783508140629468052e10
100	2	-4.3316048104775729221613396852035806285508690484023910343397142126637556773204140164172827462346023251549149741206624283828932625933425070117880988887087412703993407181380173771642910620390167010886e10
150	2	-8.64084625768613209324530441809320624046679753570181802782117739423589636991177339306675789608884564942829453265912067267503091511918990001354271199676276935005812816803313291700120873493175659939675e10
200	2	-1.488934367825838801937187040595897339586606496280378205391809064811929867273483564588256383788032952829295931238099028746608645417520823396819555605359536196851232311145311172763813965737318185087285e11
250	2	-2.337624242872037351884152325294164426556950891246927943544256996806134979885187636271118145185317473736832709956930906133865065794270285312124174996546934591388113792055379727790026763574422302061699e11
