#	Tc	k	lambda_k
0	4	-6.878420084690667931009221071562176266846392897942002544048e10
50	4	-1.387267197386614516800253038707452461732696797360622041566e11
