#	Tc	k	lambda_k	RE
0	2	-5.809813365066941912246417604344291268911574657599912674007e9	0.008907052234136895447997408195742570645383377122945884225
50	2	-1.834220227210210562363254843160141701745535419669277141672e10	0.01254501165354221665451249838987003886189330258977669397
