#	Tc	k	lambda_k
0	2	-5.809813365066941912246417604344291268911574657599912674007e9
50	2	-1.834220227210210562363254843160141701745535419669277141672e10
