#	Tc	k	lambda_k
0	3	-6.296222012043821827985089726645087940293346665268376120765e10
50	3	-1.339854544116441601684031785001642816384337297446375228982e11
