#	Tc	k	lambda_k
0	1	-3.493578127630703425592822419196737182756143730980101062777e-13
50	1	-1.470011285171483336199922628750100806586842255006218939193e-9
