#	Tc	k	lambda_k	RE
0	4	-6.878420084690667931009221071562176266846392897942002544048e10	0.055370779343218008261113564726972193980135597102476540625
50	4	-1.387267197386614516800253038707452461732696797360622041566e11	0.09910573391320998427673245933564466111115955246510060163
