#	\lambda	A / [s]	E_a / [kJ/mol]	RE[A] / [s]	RE[E_a] / [kJ/mol]
\lambda_1	9.23648990636676031877068467619268933606617365618558875151e10	122.48401482638934151750935548225051378743128228433706475915	0.38611243510355536453846097757536670176845869501988857459	0.0065999504345120801953856202306319642225481231400946862085
\lambda_2	9.79645411035799333092740108366596004078156424545973985617e12	16.874754526986482667078751238780772214127768748113826872116	0.249314796263260974458585671088281229138048188201333076755	0.0421030663285628401436246856257642570434336069983884137644
\lambda_3	8.2946753466365455981441735764972321524280174235906209215e12	11.084839716480968446055326095090118185651104625925732806123	0.29938840005544762116151642720236066616511526328887425881	0.0390022398334959522487931063408606436879121317639374793141
\lambda_4	6.40589907952482517400743770387610631107019394786460719483e12	10.297147319824306373824002201241798354313719236356827163854	0.122012966488599200952491759529674807602285983167588177683	0.0096199626436421232869545773397067858680184497649782637396
