#	Tc	k	lambda_k	RE
0	1	-3.493578127630703425592822419196737182756143730980101062777e-13	1.589325673846948974356928776579307445764e-18
50	1	-1.470011285171483336199922628750100806586842255006218939193e-9	2.6293856082700401036610893074128830754e-20
