#	Tc	k	lambda_k	RE
0	3	-6.296222012043821827985089726645087940293346665268376120765e10	0.101951459869212908929401717085245856737690540451828079593
50	3	-1.339854544116441601684031785001642816384337297446375228982e11	0.087716403031350604315775259586642744087800711133881334129
