#	Tc	k	lambda_k	RE
0	2	-5.7585219096265e9	0.e-14
50	2	-1.8114950013084624282e10	0.e-20
