#	Tc	k	lambda_k	RE
0	1	-3.5101679592489e-13	0.00474866483935
50	1	-1.4700112851591777121e-9	8.37110858e-12
