#	Tc	k	lambda_k
0	3	-5.7137017748414e10
50	3	-1.2318050370320872778e11
