#	Tc	k	lambda_k
0	4	-6.5175388776362e10
50	4	-1.2621781095140378685e11
