#	Tc	k	lambda_k
0	2	-5.7585219096265e9
50	2	-1.8114950013084624282e10
