#	\lambda	A / [s]	E_a / [kJ/mol]	RE[A] / [s]	RE[E_a] / [kJ/mol]
\lambda_1	9.000511217518e10	122.414478472849	0.3506993075683	0.006028485740719
\lambda_2	9.486694472369e12	16.8219228511873	0.2730511374265	0.04510206107944
\lambda_3	8.187137995339e12	11.2756872685984	0.2825423173568	0.05689072890402
\lambda_4	4.668784704627e12	9.70114754671113	0.1822479699878	0.048816927688855
