#	Tc	k	lambda_k	RE
0	3	-5.7137017748414e10	0.e-14
50	3	-1.2318050370320872778e11	0.e-20
