#	Tc	k	lambda_k
0	1	-3.5101679592489e-13
50	1	-1.4700112851591777121e-9
