#	Tc	k	lambda_k	RE
0	4	-6.5175388776362e10	0.e-14
50	4	-1.2621781095140378685e11	0.e-20
