#	Tc	k	lambda_k	RE
0	3	-6.296222012043821827985089726645087940293346665268376120765e10	0.101951459869212908929401717085245856737690540451828079593
50	3	-1.387267197386614516800253038707452461732696797360619468793e11	0.126206790588466806754750612973446408510700132880244223191
100	3	-2.442218941428231320397546074115228257372758298138598544656e11	0.177837390548351051219484441379264178472271132773132284442
150	3	-1.0209919406057587144258922033244500755178506944856979852503e12	2.340550297026179519375454881162506537350127416212791446417
200	3	-1.0710170091495192833513956643881594011406591219360636410547e12	1.537184047704544999872305762477325953185130539693633829292
250	3	-2.452098165106806078000284686065415058481871221823246446512e12	3.48713827106244163223662714075821235581773545802334929245
