#	Tc	k	lambda_k
0	3	-6.296222012043821827985089726645087940293346665268376120765e10
50	3	-1.387267197386614516800253038707452461732696797360619468793e11
100	3	-2.442218941428231320397546074115228257372758298138598544656e11
150	3	-1.0209919406057587144258922033244500755178506944856979852503e12
200	3	-1.0710170091495192833513956643881594011406591219360636410547e12
250	3	-2.452098165106806078000284686065415058481871221823246446512e12
