#	Tc	k	lambda_k
0	2	-5.809813365066941912246417604344291268911574657599912674007e9
50	2	-1.834220227210210562363254843160141701745535419669277759852e10
100	2	-4.402075466772674082900429287330775011164208650982356153079e10
150	2	-9.008953594335881452918645881380142568729103687647894334075e10
200	2	-1.568549146260797920476584716798374641891168408501099049774e11
250	2	-2.003866789740204094098922114144641692194049990821124341744e12
