#	Tc	k	lambda_k
0	1	-3.49357812763070342559282241919673718278065444388738840888e-13
50	1	-1.470011285171483336199922628750104379749607289116255974424e-9
100	1	-6.285370085970056830882073766118437835784966684899016052008e-7
150	1	-0.00006417592575358733778737664485722246602911955920023839792392
200	1	-0.002426020498868445980639387963481895745395210057563123716215
250	1	-0.04662488897813948126974923278202611478134135542875383017351
