#	Tc	k	lambda_k	RE
0	1	-3.49357812763070342559282241919673718278065444388738840888e-13	1.589325673846948974363944710390385595056e-18
50	1	-1.470011285171483336199922628750104379749607289116255974424e-9	2.6293856082702831740919817671774296629e-20
100	1	-6.285370085970056830882073766118437835784966684899016052008e-7	4.560845644157840308487629129963812811843828e-15
150	1	-0.00006417592575358733778737664485722246602911955920023839792392	4.642116946977460733540329360763301274807486e-15
200	1	-0.002426020498868445980639387963481895745395210057563123716215	1.7257391580131970729800562538766706190332692e-14
250	1	-0.04662488897813948126974923278202611478134135542875383017351	3.63599712921492583094372254606773182916933931e-13
