#	\lambda	A / [s]	E_a / [kJ/mol]	RE[A] / [s]	RE[E_a] / [kJ/mol]
\lambda_1	6.663593567487493488738326206730465777134462575031964417e10	121.68092674107383426360836414300495458123279761474820634828	4.0242278246746860278330492524222846908227241e-13	8.781528879109259194286172950581560367688616e-15
\lambda_2	1.347714546792854139052520511470748033513926652409491003915e14	23.779380216280587070119587678772096668475470095113963664789	9.3273016720249767901539671443594736153913122635697537553	0.3498386217918023024947345655126597618095904658494497291113
\lambda_3	1.079132068928322238615125333063844610656887741766738592385e14	17.472005767043437135656516072657583286471891625050623723674	15.9049617241727047665998936880167756331811638545637711063	0.6376829607514566473986918661914682456607757644604015392478
