#	Tc	k	lambda_k	RE
0	2	-5.809813365066941912246417604344291268911574657599912674007e9	0.008907052234136895447997408195742570645383377122945884225
50	2	-1.834220227210210562363254843160141701745535419669277759852e10	0.012545011653542216654512498389870038861893302589777035224
100	2	-4.402075466772674082900429287330775011164208650982356153079e10	0.016268948664163866917641961958074609033542605275677596381
150	2	-9.008953594335881452918645881380142568729103687647894334075e10	0.042600843212819029207647819438910241032384084234548597074
200	2	-1.568549146260797920476584716798374641891168408501099049774e11	0.053470979080973813454013416333968322673766320482843585658
250	2	-2.003866789740204094098922114144641692194049990821124341744e12	7.57223651684167603798832805058793272515523634791125847272
