#	Tc	k	lambda_k
0	1	-3.4935791239088e-13
50	1	-1.47001129772124508305e-9
100	1	-6.2853700859102354273008e-7
150	1	-0.000064175925753587037007861491707
200	1	-0.002426020498868404113853657564321518
250	1	-0.0466248889781225284735017909669914993
