#	Tc	k	lambda_k
0	2	-5.75852190962648e9
50	2	-1.81149500130846242819e10
100	2	-4.3316048104775692526764e10
150	2	-8.6408462576861209585894694588e10
200	2	-1.48893436782583948782037193120431e11
250	2	-2.33762424287203587348420064036011838e11
