#	Tc	k	lambda_k
0	3	-5.713701774841426547789764527194543630887813674586721139206560688006441751916070558199869116352681852923177525360730320363988345409207590390085954308080289019860622792797724195843502349484926895059e10
50	3	-1.23180503703208772707550101620077016724365491565566560030343232167738489970368864497132408337331285113251897896766864997161731621376419483215433772027000435851391192167946011700069768470136216498e11
100	3	-2.07347717182864936184434809512535594410617088715628865347145986600888326018775568028971918239417831015830269400751623784045431132420700924879885546788478203094639248009e11
150	3	-3.056358533247246072921992223896006140528009723639951289522944286745233772683904772337923522950659835845853637726656337800230688317292617081858042585647263776062006060066298395181179630115247095497e11
200	3	-4.221282291753708630382823120153158348915666684871031553134200517614812369613646644272000060586483470331803393197216495368576556437996894562273459901638095610188425088590368740961297549036296493305e11
250	3	-5.464726105991405028216783973245029989724381811039062372193882846416359396054182808493875085756004201136429787474809866244927150858213892126150511718120524424006697787172781879181131494139193176362e11
