#	\lambda	A / [s]	E_a / [kJ/mol]	RE[A] / [s]	RE[E_a] / [kJ/mol]
\lambda_1	6.66359356748486800612066686654849298628949516570013214731758906290180531817602329506172593063034784844016099477104429253434558800778121402483262925564848894799014663991e10	121.68092674107279266798580512044832902230599589627138898628067272509658869962479932669758039998794655990349294780408378377537295064857799436516622067217985475470560961014	4.e-168	0.e-169
\lambda_2	1.305001625394173001025602426587887581923303229899318537090241645127998508387989101235897540957110706269468415285553457476648031649095212797455088735012162708543625650684e13	17.616461577247932718491332901685125235649862652030161797098866595831097592920226679291189921662475604518148056566895902643868053207882193527216307020562017520487166966432	0.e-168	0.e-169
\lambda_3	6.38352269905025455211852857139509287609530516472884406550764801043231804328968709974863578101560098467224639752165291648670478236960931349194083708594066851348415040117e12	10.668735149461616881260289149432586454584219765975486606444338316218050856502288907891990749960838900159999256143390258177675780140762530590114232976340315112832682458974	0.e-168	0.e-169
