#	Tc	k	lambda_k	RE
0	1	-3.493578127630682020554063160562598695916073505760616136804572947072076067837503677052513030726503446458630708950770266801264813166203319688540125620617645925101184623263472788887832803126505590361e-13	7.2471e-191
50	1	-1.47001128517149013985020982499297045054665575827954973459114885621504053786824575379092206500995172198012903074882441589915336493789050292377148653797837924374914225734504329433015498176125663347e-9	3.e-194
100	1	-6.285370085970059737272735554678504657263478014863887647884487636944482986064057711292495408741202189353354803730556369673707714111704005059182401822409540017057270457574e-7	3.9e-167
150	1	-0.00006417592575358712981279949532412770174494657273883098479377667055398149411189247353349511718388682529341654533713965386797804260863230684739029832058034704657869455927798330576283865313223772362473	0.e-196
200	1	-0.002426020498868407404857848591498547438788517555934072146129590799322609573687034223983451911065144311822423219127057913746570040361056298842262380655921553878991953839638723239703607168197697282807	0.e-195
250	1	-0.04662488897812262462981326472677910829183841422732075523540006415467929511905732615749820493848702591471410942122701264221823241784103457017546399904627488555469964907362868810424247829946431434238	0.e-196
