#	Tc	k	lambda_k
0	3	-5.71370177484143e10
50	3	-1.23180503703208727778e11
100	3	-2.07347717182864939747388e11
150	3	-3.0563585332472463433827587976e11
200	3	-4.22128229175370875324180742570399e11
250	3	-5.46472610599140468569229790525872802e11
