#	Tc	k	lambda_k	RE
0	2	-5.758521909626474999006948471532105334707120939870335819116511243280705248553932909935233827289974624801578845195063685343886437383825163846346546125425862376206030210970153778023226605819503518148e9	0.e-195
50	2	-1.81149500130846436130048505868009262623288247618057837846300629722080302759644130254796431168201779494959967710454649597371939529514050215566698807488145030138861284423205429641860783508140629468e10	0.e-194
100	2	-4.331604810477572922161339685203580628550869048402391034339714212663755677320414016417282746234602325154914974120662428382893262593342507011788098888708741270399340718138e10	0.e-168
150	2	-8.640846257686132093245304418093206240466797535701818027821177394235896369911773393066757896088845649428294532659120672675030915119189900013542711996762769350058128168033132917001208734931756599397e10	0.e-196
200	2	-1.488934367825838801937187040595897339586606496280378205391809064811929867273483564588256383788032952829295931238099028746608645417520823396819555605359536196851232311145311172763813965737318185087e11	0.e-195
250	2	-2.337624242872037351884152325294164426556950891246927943544256996806134979885187636271118145185317473736832709956930906133865065794270285312124174996546934591388113792055379727790026763574422302062e11	0.e-196
