${\Delta t}_{I,J}$	$I$	$J$
9.664873862614264e-11	1	2
1.6163876678376234e-10	3	4
1.6689783638104037e-07	1 2	3 4
