#	Tc	k	lambda_k
0	1	-3.493578127630703425592856413007481400947006957773843510756e-13
50	1	-1.470011285171483336221267288468863769764269383041936874533e-9
100	1	-6.285370085970056849790989610942350660550376976112932897587e-7
150	1	-0.00006417592575358733778737664816991236711221222635059610381121
200	1	-0.002426020498868445980639403672518442508255568671304868611101
250	1	-0.04662488897813948126975030141092331764966625513698755870354
