#	Tc	k	lambda_k	RE
0	1	-3.493578127630703425592856413007481400947006957773843510756e-13	1.589335404217790078839460785779745353242e-18
50	1	-1.470011285171483336221267288468863769764269383041936874533e-9	4.0813921291773278292853260887827350329e-20
100	1	-6.285370085970056849790989610942350660550376976112932897587e-7	4.557837242808963250867941504331054107783711e-15
150	1	-0.00006417592575358733778737664816991236711221222635059610381121	4.642116947029079621186806882107786582936712e-15
200	1	-0.002426020498868445980639403672518442508255568671304868611101	1.7257391586607199011709228209267032433961382e-14
250	1	-0.04662488897813948126975030141092331764966625513698755870354	3.63599712944412292301707710364722730068978124e-13
