#	\lambda	A / [s]	E_a / [kJ/mol]	RE[A] / [s]	RE[E_a] / [kJ/mol]
\lambda_1	6.6635935674874934909858513131523823350804595637246723433e10	121.68092674107383426308330986243058028216286326114799737272	4.0242311975171075536252770147514172037141088e-13	8.781524564100369661026644655285931037762812e-15
\lambda_2	1.329526096327561524247752483099737566114078374820143461503e14	23.714849266918539928229117032365594720326567465036262020558	9.18792674626732610350333930995384675238412553019177125755	0.3461755167420691392508797583434476491692587641086196277911
