#	\lambda	A / [s]	E_a / [kJ/mol]	RE[A] / [s]	RE[E_a] / [kJ/mol]
\lambda_1	6.663593567484868006120666866548492986289495165700132147317589062901805318176023295061725930630347848440160994771044292534345588007781214024832629255648488947990146639940428285592477227995895137883e10	121.680926741072792667985805120448329022305995896271388986280672725096588699624799326697580399987946559903492947804083783775372950648577994365166220672179854754705609610137685152434309848434491552066	7.258e-192	2.1667e-193
\lambda_2	1.3050016253941730010256024265878875819233032298993185370902416451279985083879891012358975409571107062694684152855534574766480316490952127974550887350121627085436256506840287488767291218952002877815e13	17.6164615772479327184913329016851252356498626520301617970988665958310975929202266792911899216624756045181480565668959026438680532078821935272163070205620175204871669664322217650805578065675585649376	0.e-196	0.e-198
