#	Tc	k	lambda_k
0	3	-6.296222012043821827985089726645087940293346665268376120765e10
50	3	-1.387267197386614516800253038707452461732696797360619468793e11
100	3	-2.200844363719248004417815636044285564472932651746236092098e11
150	3	-3.2294726731548808192530319660198869479994356790040698616e11
200	3	-4.466271646500936346435812352312162073669287277455398895141e11
250	3	-5.765564476796938265695567388057215538752228564361266053483e11
