#	Tc	k	lambda_k
0	2	-5.80981336506694191224641760434429126891157465759991267400689165633604464529941977883822802148431466162874214265835897428982625751140072776739250771275723745802527861767763289392343530570282554367655e9
50	2	-1.83422022721021056236325484316014170174553541966927775985222700702866808890141554200958381167254421988928616852655412752875422185296445664663580605912156692992408042710008443239262545461889258644156e10
100	2	-4.48450972252467069723440841579338946353421731373227333909185890772551918645945716867575264488152970806072583603861237553713164452726707684230002693917265083163177268270595384904724806828100145719526e10
150	2	-9.00895359433588145291864588138014256872918854891439433584487843910788409941059898900810373958081823955392322287753376224735904090762310542335734694063318452759678740390279443900525660893987997926481e10
200	2	-1.56854914626079792047658471679837464180614959393110462436403400199331461182450118528610289276778399027677859596809090262900827013285599774386526148585873480514786474639321514255540398979645830630558e11
250	2	-2.48803349130758612194098743342180541951094490695008469356861739454501416922589261882982344195117555840230094788347739157982681734498967699738702354155123121273728935144071685183510813570856077428207e11
