#	Tc	k	lambda_k
0	1	-3.49357812763070342559282241919673718278065444388738840888e-13
50	1	-1.470011285171483336199922628750104379749607289116255974424e-9
100	1	-6.285370085970056849790989610776762667702101825060836860587e-7
150	1	-0.00006417592575358733778737664613722431942199108021734375343987
200	1	-0.002426020498868445980639383213775561505413421287178830836282
250	1	-0.04662488897813435080933757455509474457054109709426674388375
