#	Tc	k	lambda_k	RE
0	2	-5.809813365066941912246417604344291268911574657599912674007e9	0.008907052234136895447997408195742570645383377122945884225
50	2	-1.834220227210210562363254843160141701745535419669277759852e10	0.012545011653542216654512498389870038861893302589777035224
100	2	-4.484509722524670697234408415793389463534217313732273339092e10	0.035299829679116856294781058542279535626909731618644604808
150	2	-9.008953594335881452918645881380142568729188548914394335845e10	0.042600843212819029207647819438910241032393905178466505208
200	2	-1.568549146260797920476584716798374641806149593931104624364e11	0.053470979080973813454013416333968322616665875757304771238
250	2	-2.488033491307586121940987433421805419510944906950084693569e11	0.064342782589709742511630421567754627311267690363067743248
