#	\lambda	A / [s]	E_a / [kJ/mol]	RE[A] / [s]	RE[E_a] / [kJ/mol]
\lambda_1	6.6635935674867139507971156747592573679592306189242699216e10	121.68092674107352326610490975378740188146646080822341129031	2.8543816548627863400217428839310367968903707e-13	6.225684575620620302607040370736688424650804e-15
\lambda_2	1.469928235090766033290337633583391058149558700327990510714e13	17.880163725533702965837975358452276309303653700425447936544	0.12638038642042212559300175035605079405242682846604823969	0.0149690757777571719725553899362440093910584420114157531231
\lambda_3	6.27969951289155380511123442137824003718037407441893076389e12	10.385499725029837583559879724786227972241810074126144947638	0.016264246412744746832993155546168514035489682195314540009	0.0265481728118514220484749851190876829090490516191129485539
