#	Tc	k	lambda_k	RE
0	1	-3.49357812763070342559282241919673718278065444368897064878254549176971023078772768141717350244647342188978067746057930789356716209661334926571673315096316202060268435386385954606920291949244080923627e-13	6.12696724597808487937239775846402573450716984343670362248861120782123625627389095219739152251109077602780169082435564632704074955715935602508109507212531264800508534062977935636464454e-15
50	1	-1.47001128517148333619992262875010437974960728911642102113927347875581591638795692408137758587046731545439890399969869150364781348744128889197178508637930515549997704490772386555474810510231121167663e-9	4.62829799731948003055094462101761800615367137253884450988435057117037139830835901502077133355134989549943546391327108501458010632214431739380781092815258726194156776131109627688644927e-15
100	1	-6.28537008597005684979098961077676266770210182506083171833394054982608558880567877614160008453592384450726182175359072099982388339309621826592257003177505550875818476352141117936179473994614661997888e-7	4.5939725210281853503792284122314291479711540022519508030740461439127631784965771620458390731985018300968463684283015648917448323685022558006580260761306648123708251785699884555620634e-16
150	1	-0.0000641759257535873377873766461372243194219910802187248467607663478439636429365257847243386241372149303113497229576098685407762097446592046820905180617228351147835763739973235101000582483015031401235815	3.240694617314317500776060166651264032052934143539088164689916640876276699178402614671630175500713546621441287298265511342973833074901021769519612028179240895646353789645360515654884536e-15
200	1	-0.00242602049886844598063938321377556150541342128717883083575533755897507648314404944216837339453603846174050039232785547158349900386758116183529763671525102037513295509187222091211257486976996968225388	1.5900847314610720763392592795212366665227128928975546874368667957370759756019757816413456502381759228753607336208394651104508244364367317259509386976864120932720324912271455416266618002e-14
250	1	-0.0466248889781343508093375745550947445705410970942667438836024112857492433919207514340952314958351824598517348312616866635270438052792612296012374893990522432280784641735688959962509708407241139063079	2.51500427803956757526350131566769938155169093112375187202860417210188328118966175874092640895096552364973221088029582850552535649543161504471021769336681790979856299332975967221598087348e-13
