#	Tc	k	lambda_k	RE
0	1	-3.49357812763070342559282241919673718278065444388738840888e-13	1.589325673846948974363944710390385595056e-18
50	1	-1.470011285171483336199922628750104379749607289116255974424e-9	2.6293856082702831740919817671774296629e-20
100	1	-6.285370085970056849790989610776762667702101825060836860587e-7	4.557837242808989595854884738280863291850706e-15
150	1	-0.00006417592575358733778737664613722431942199108021734375343987	4.642116946997405936330354205606148827224653e-15
200	1	-0.002426020498868445980639383213775561505413421287178830836282	1.7257391578174152839780490384000985851499437e-14
250	1	-0.04662488897813435080933757455509474457054109709426674388375	2.5356276647287890180147813456708715890267715e-13
