#	Tc	k	lambda_k	RE
0	3	-6.296222012043821827985089726645087940293346665268376120765e10	0.101951459869212908929401717085245856737690540451828079593
50	3	-1.387267197386614516800253038707452461732696797360619468793e11	0.126206790588466806754750612973446408510700132880244223191
100	3	-2.200844363719248004417815636044285564472932651746236092098e11	0.061426859972743474415042735078278175797184944032404848348
150	3	-3.2294726731548808192530319660198869479994356790040698616e11	0.056640651947240079176111018799599847532693000517164070723
200	3	-4.466271646500936346435812352312162073669287277455398895141e11	0.058036714395011023806720892414579346833211434643450383231
250	3	-5.765564476796938265695567388057215538752228564361266053483e11	0.055050951314046838019653115441757799514587355586210981971
