#	Tc	k	lambda_k
0	2	-5.809813365066941912246417604344291268911574657599912674007e9
50	2	-1.834220227210210562363254843160141701745535419669277759852e10
100	2	-4.484509722524670697234408415793389463534217313732273339092e10
150	2	-9.008953594335881452918645881380142568729188548914394335845e10
200	2	-1.568549146260797920476584716798374641806149593931104624364e11
250	2	-2.488033491307586121940987433421805419510944906950084693569e11
