#	Tc	k	lambda_k	RE
0	3	-6.29622201204382182798508972664508794029334666526837612076470561625023114452743380678409632246156691140225071862456456305628307854709267894956441879183590357424441902811144099179506992177141531320411e10	0.10195145986921273558150653475834893017461599169817371035039317807037472423772187063944500743998516460259536059100349142767015135555434801638823117158591295086285357260629256928124035625188439466047
50	3	-1.38726719738661451680025303870745246173269679736061946879324986014139749482466924046575739250521075825431786154699080298813417990015049463934735184483669552927703092392658915300098735541888051661131e11	0.1262067905884663959798975903221107171773614332057193553845987454790975166357538091404551977611599132427685684483865832557713396557909684477134939647448602780214697075477856740927399969216417188064
100	3	-2.20084436371924800441781563604428556447293265174623609209787465771706704047286059717104607286519120220918915225966075772321766991569523103857165325093144929015358256270211808759867056521787023057143e11	0.06142685997274349265403680497369502308515383821030427027784218879008559160207139137280867292351409354124366502146545584396208268187170085633665283918443894725241887003650112997364945141532922117115
150	3	-3.22947267315488081925303196601988694799943567900406986159970086242823594763565236730264975854743440129649350728941935782237794050360514646245859079163558484289221381284038085987827138193173848581829e11	0.056640651947240172679486885819661898450806230883694279334949456789384684293423595240141695816754636872396915810189372272871860682447116267490666314685903903718450863215627396840295183189439722270104
200	3	-4.46627164650093634643581235231216207366928727745539889514113154161152288518789116621869795546178827879344302556679831903378285919428975272755707143724870691138771339771228021388971698148329667983877e11	0.058036714395011054600519341404323827284493312345840186787917343347283162947236243980521444449592562820085487128220391370435224979057581063400706021633665138797334617193820795015433770755200146434664
250	3	-5.76556447679693826569556738805721553875222856436126605348296944235006360485772019293823436521811989622943948922801043900506530294212360051161696932420716214886287108304224086893502202079765461520204e11	0.055050951314046771889937212905669490931592791821762309780068277042844127066002476657747130280433051242455361111662168180847238130710879741722065635199885679741326530358123303064728781165811211390574
