#	Tc	k	lambda_k	RE
0	2	-5.80981336506694191224641760434429126891157465759991267400689165633604464529941977883822802148431466162874214265835897428982625751140072776739250771275723745802527861767763289392343530570282554367655e9	0.00890705223413727012008024442318086093397439685537330516119993067631810168965415018520512908898679406411042265209021871454847540514327250162580635716895768867102487762670734696338912783160307688032
50	2	-1.83422022721021056236325484316014170174553541966927775985222700702866808890141554200958381167254421988928616852655412752875422185296445664663580605912156692992408042710008443239262545461889258644156e10	0.01254501165354113613452531739680023512534061520455822762815203771470220500284995258821194044996465715482372316332454206057315305132028686663743883798572037341022125135871371384738358452806872779814
100	2	-4.48450972252467069723440841579338946353421731373227333909185890772551918645945716867575264488152970806072583603861237553713164452726707684230002693917265083163177268270595384904724806828100145719526e10	0.03529982967911597924867382502397759759101152611018271097477876445572658294491466611689850835678316855309964226703444248600466727806243090495794412531465786126229662583788662778935401181653596241512
150	2	-9.00895359433588145291864588138014256872918854891439433584487843910788409941059898900810373958081823955392322287753376224735904090762310542335734694063318452759678740390279443900525660893987997926481e10	0.042600843212817685704799115616562713939668347121657029871548632796146869336674627445416251687166567156549030871537080810662014233533461744218513306441244936241057813318903896847612569156915762537482
200	2	-1.56854914626079792047658471679837464180614959393110462436403400199331461182450118528610289276778399027677859596809090262900827013285599774386526148585873480514786474639321514255540398979645830630558e11	0.053470979080974298739359725435825887902869191766260642427146397593502564204319168794148633128442953802955214021119215146357569137582521478501678785728215564590329111673543455819743172823691022865662
250	2	-2.48803349130758612194098743342180541951094490695008469356861739454501416922589261882982344195117555840230094788347739157982681734498967699738702354155123121273728935144071685183510813570856077428207e11	0.064342782589709069381924843402853405522085790736799115554520145734789039663474919124302861557728743388768961305149237625868425893466248866918633641983143502225007520337745788642153629490050208494451
