#	Tc	k	lambda_k
0	3	-6.29622201204382182798508972664508794029334666526837612076470561625023114452743380678409632246156691140225071862456456305628307854709267894956441879183590357424441902811144099179506992177141531320411e10
50	3	-1.38726719738661451680025303870745246173269679736061946879324986014139749482466924046575739250521075825431786154699080298813417990015049463934735184483669552927703092392658915300098735541888051661131e11
100	3	-2.20084436371924800441781563604428556447293265174623609209787465771706704047286059717104607286519120220918915225966075772321766991569523103857165325093144929015358256270211808759867056521787023057143e11
150	3	-3.22947267315488081925303196601988694799943567900406986159970086242823594763565236730264975854743440129649350728941935782237794050360514646245859079163558484289221381284038085987827138193173848581829e11
200	3	-4.46627164650093634643581235231216207366928727745539889514113154161152288518789116621869795546178827879344302556679831903378285919428975272755707143724870691138771339771228021388971698148329667983877e11
250	3	-5.76556447679693826569556738805721553875222856436126605348296944235006360485772019293823436521811989622943948922801043900506530294212360051161696932420716214886287108304224086893502202079765461520204e11
