#	\lambda	A / [s]	E_a / [kJ/mol]	RE[A] / [s]	RE[E_a] / [kJ/mol]
\lambda_1	6.663593567486713950797115674759257367959230619411896805429120728769967068830545428654799969333128219474035182262688701601781223682008350384045511804465361876051537136068051020308965646563732060745e10	121.6809267410735232661049097537874018814664608084725932317526390012714214269399081269479480267699138233833355980940753241301879153944579256638755394880616123039113345405986163530758818491789096001971	2.770193976799741345561186328413506958846415620268922436449936001426924543797492914797936759957922830504057557628583410868613900910216516449113886530783447415074528857449154775129844453e-13	6.004212317180056218578717366435782440287698956123870957661609956224140959622181546553088570812099818687745301262989083459255329336309473921415394666375813916332383097366663411055005888e-15
\lambda_2	1.4699282350907660332903376335833910581495587003279905107137190503534475986914982818380430112279892368890590282469381797452656500813329531140232077605132155587291846181927797832885063360141089781503e13	17.88016372553370296583797535845227630930365370042544793654431794420114989622170966308866494397709783791247543400326550423588704494253281411797136955074475938068176754691244936497675197544199354986694	0.12638038642042096773528736555748226693323359976691219639254574128284049875499817235664173562654451522854526574114213339984349872974624305678277028914643403997030357076342999573727922305770121886563	0.014969075777757076176079147105198083619009276914509423276090995147734247313946965495072803438917089302642013780142641632788534373078977055918670769043346965537102132265109184427121369616149357450887
\lambda_3	6.2796995128915538051112344213782400371803740744189307638915308060896944261078555458076624101836321804409615884482533187808623965743176716926510974186465908757683011348432389371686857936025546205794e12	10.38549972502983758355987972478622797224181007412614494763818517047951783847790480543859128672115523036392476556275249387762997541033490343234887168995447142411144466906986541051766496977743012235424	0.01626424641274443043823134272253709388639006651624618559733776383071439514004468119771115463098758299752133856804717446286992529617939708591309696331612174468609221478268400047239974101741977096827	0.026548172811851307957128800846495932595328331345206418907587793967650882624141641336277132533598574270912627984694184932057242271431442052429438663178488387945562500241866834488709025345444394779643
