#	Tc	k	lambda_k
0	1	-3.49357812763070342559282241919673718278065444368897064878254549176971023078772768141717350244647342188978067746057930789356716209661334926571673315096316202060268435386385954606920291949244080923627e-13
50	1	-1.47001128517148333619992262875010437974960728911642102113927347875581591638795692408137758587046731545439890399969869150364781348744128889197178508637930515549997704490772386555474810510231121167663e-9
100	1	-6.28537008597005684979098961077676266770210182506083171833394054982608558880567877614160008453592384450726182175359072099982388339309621826592257003177505550875818476352141117936179473994614661997888e-7
150	1	-0.0000641759257535873377873766461372243194219910802187248467607663478439636429365257847243386241372149303113497229576098685407762097446592046820905180617228351147835763739973235101000582483015031401235815
200	1	-0.00242602049886844598063938321377556150541342128717883083575533755897507648314404944216837339453603846174050039232785547158349900386758116183529763671525102037513295509187222091211257486976996968225388
250	1	-0.0466248889781343508093375745550947445705410970942667438836024112857492433919207514340952314958351824598517348312616866635270438052792612296012374893990522432280784641735688959962509708407241139063079
