#	Tc	k	lambda_k
0	2	-5.758521909626474999006948471532105334707120939870335819116511243280705248553932909935233827289974624801578845195063685343886437383825163846346546125425862376206030210970153778023226605819503518148e9
50	2	-1.81149500130846436130048505868009262623288247618057837846300629722080302759644130254796431168201779494959967710454649597371939529514050215566698807488145030138861284423205429641860783508140629468e10
100	2	-4.33160481047757292216133968520358062855086904840239103433971421266375567732041401641728274623460232515491497412066242838289326259334250701178809888870874127039934071813801737716429106203901670109e10
150	2	-8.6408462576861320932453044180932062404667975357018180278211773942358963699117733930667578960888456494282945326591206726750309151191899000135427119967627693500581281680331329170012087349317565994e10
200	2	-1.488934367825838801937187040595897339586606496280378205391809064811929867273483564588256383788032952829295931238099028746608645417520823396819555605359536196851232311145311172763813965737318185087e11
250	2	-2.337624242872037351884152325294164426556950891246927943544256996806134979885187636271118145185317473736832709956930906133865065794270285312124174996546934591388113792055379727790026763574422302062e11
