#	\lambda	A / [s]	E_a / [kJ/mol]	RE[A] / [s]	RE[E_a] / [kJ/mol]
\lambda_1	6.66359145864905e10	121.68092558901262	3.1647125e-7	9.4678778e-9
\lambda_2	1.30500162539417e13	17.61646157724793	0.e-14	0.e-16
\lambda_3	6.3835226990503e12	10.668735149461618	0.e-14	0.e-16
