#	\lambda	A / [s]	E_a / [kJ/mol]	RE[A] / [s]	RE[E_a] / [kJ/mol]
\lambda_1	6.6635935674848680061206668665484929862894951657001321473175890629018053181760232950617259306303478484401609947710442925343455880077812140248326292556484889479901466399404282855924772279958528811e10	121.6809267410727926679858051204483290223059958962713889862806727250965886996247993266975803999879465599034929478040837837753729506485779943651662206721798547547056096101376851524343098484344685219	7.957e-191	2.375e-192
\lambda_2	1.30500162539417300102560242658788758192330322989931853709024164512799850838798910123589754095711070626946841528555345747664803164909521279745508873501216270854362565068402874887672912189520028778e13	17.61646157724793271849133290168512523564986265203016179709886659583109759292022667929118992166247560451814805656689590264386805320788219352721630702056201752048716696643222176508055780656755856494	0.e-194	0.e-195
\lambda_3	6.3835226990502545521185285713950928760953051647288440655076480104323180432896870997486357810156009846722463975216529164867047823696093134919408370859406685134841504011661543794044620586055717243e12	10.66873514946161688126028914943258645458421976597548660644433831621805085650228890789199074996083890015999925614339025817767578014076253059011423297634031511283268245897423342644568473554868931955	0.e-194	0.e-195
