#	Tc	k	lambda_k	RE
0	1	-3.4935791239088e-13	2.85174127e-7
50	1	-1.47001129772124508305e-9	8.53718734916e-9
100	1	-6.28537008597008551283088224e-7	2.441547554e-18
150	1	-0.000064175925753587037007861491716	4.467972360006e-17
200	1	-0.00242602049886840411385365756432152	0.e-32
250	1	-0.0466248889781225284735017909669915	0.e-34
