#	Tc	k	lambda_k
0	1	-3.493578127630682020554063160562598695916073505760616136804572947072076067837503677052513030726503446458630708950770266801264813166203319688540125620617645925101184623263472788887832803126505590361e-13
50	1	-1.47001128517149013985020982499297045054665575827954973459114885621504053786824575379092206500995172198012903074882441589915336493789050292377148653797837924374914225734504329433015498176125663347e-9
100	1	-6.28537008597005973727273555467850465726347801486388764788448763694448298606405771129249540874120218935335480373055636967370771411170400505918240182240954001705727045781920778081017168746227705888e-7
150	1	-0.0000641759257535871298127994953241277017449465727388309847937766705539814941118924735334951171838868252934165453371396538679780426086323068473902983205803470465786945592779833057628386531322377236247
200	1	-0.002426020498868407404857848591498547438788517555934072146129590799322609573687034223983451911065144311822423219127057913746570040361056298842262380655921553878991953839638723239703607168197697282807
250	1	-0.04662488897812262462981326472677910829183841422732075523540006415467929511905732615749820493848702591471410942122701264221823241784103457017546399904627488555469964907362868810424247829946431434238
