#	Tc	k	lambda_k	RE
0	3	-5.71370177484143e10	0.e-15
50	3	-1.23180503703208727778e11	0.e-20
100	3	-2.07347717182864939747387592e11	0.e-27
150	3	-3.0563585332472463433827587976e11	0.e-29
200	3	-4.22128229175370875324180742570399e11	0.e-32
250	3	-5.464726105991404685692297905258728e11	0.e-34
