#	Tc	k	lambda_k	RE
0	3	-5.713701774841426547789764527194543630887813674586721139206560688006441751916070558199869116352681852923177525360730320363988345409207590390085954308080289019860622792797724195843502349484926895059e10	0.e-195
50	3	-1.23180503703208772707550101620077016724365491565566560030343232167738489970368864497132408337331285113251897896766864997161731621376419483215433772027000435851391192167946011700069768470136216498e11	0.e-194
100	3	-2.073477171828649361844348095125355944106170887156288653471459866008883260187755680289719182394178310158302694007516237840454311324207009248798855467884782030946392480089705634351997222974120469653e11	0.e-195
150	3	-3.0563585332472460729219922238960061405280097236399512895229442867452337726839047723379235229506598358458536377266563378002306883172926170818580425856472637760620060600662983951811796301152470955e11	0.e-195
200	3	-4.221282291753708630382823120153158348915666684871031553134200517614812369613646644272000060586483470331803393197216495368576556437996894562273459901638095610188425088590368740961297549036296493305e11	0.e-195
250	3	-5.464726105991405028216783973245029989724381811039062372193882846416359396054182808493875085756004201136429787474809866244927150858213892126150511718120524424006697787172781879181131494139193176362e11	0.e-195
