#	Tc	k	lambda_k	RE
0	2	-5.75852190962648e9	0.e-15
50	2	-1.81149500130846242819e10	0.e-20
100	2	-4.3316048104775692526763961e10	0.e-27
150	2	-8.6408462576861209585894694588e10	0.e-29
200	2	-1.48893436782583948782037193120431e11	0.e-32
250	2	-2.337624242872035873484200640360118e11	0.e-34
