#	Tc	k	lambda_k	RE
0	1	-3.4935781276306820205540631605625986959160735057606161368045729470720760678375036770525130307265034464586307089507702668012648131662033196885401256206176459251011846232634727888878328031265053371784591e-13	0.e-199
50	1	-1.4700112851714901398502098249929704505466557582795497345911488562150405378682457537909220650099517219801290307488244158991533649378905029237714865379783792437491422573450432943301549817612566334195333e-9	0.e-199
100	1	-6.2853700859700597372727355546785046572634780148638876478844876369444829860640577112924954087412021893533548037305563696737077141117040050591824018224095400170572704578192077808101716874622770588804426e-7	0.e-199
150	1	-0.00006417592575358712981279949532412770174494657273883098479377667055398149411189247353349511718388682529341654533713965386797804260863230684739029832058034704657869455927798330576283865313223772362473312	0.e-199
200	1	-0.0024260204988684074048578485914985474387885175559340721461295907993226095736870342239834519110651443118224232191270579137465700403610562988422623806559215538789919538396387232397036071681976972828073959	0.e-199
250	1	-0.046624888978122624629813264726779108291838414227320755235400064154679295119057326157498204938487025914714109421227012642218232417841034570175463999046274885554699649073628688104242478299464314342382605	0.e-199
