#	Tc	k	lambda_k	RE
0	3	-5.713701774841425648967799641517024219222385823497324892441e10	0.e-57
50	3	-1.231805037032087277784538407970887533700781509644664750905e11	0.e-57
100	3	-2.07347717182864939747387591960248772105205566828365357198e11	0.e-57
150	3	-3.056358533247246343382758797602344149166174370473498530437e11	0.e-57
200	3	-4.221282291753708753241807425703989824908537664450060374273e11	0.e-57
250	3	-5.464726105991404685692297905258728017410762250941123481634e11	0.e-57
