#	Tc	k	lambda_k
0	13	-6.2342152863872298652521241382360646021250589810028682415297688004048987293086900227252843165687639458668799937979157923968362605472269896221385514679528283510831604221383735430678621222943422242413712e11
50	13	-9.4922988621503383904539190692674903603750267983378632145092699944366888447809570680162228043832935567423657786586440243509607214743719166122030748952188306877253622798650732035032629977945563873842192e11
100	13	-1.4322424240986057268641475712763432529217592307841941977181951324045241670295470709571444780491433903915778836398825474673217883044093356643964477555632039108851203718638451966442656429810402886076965e12
150	13	-1.9032056865669171673985382430099342698295667157401263789853773996259999913322575906939891586863937529058507570256931318203165729915388537622582911045095154810721566712384627094347528376222000374469517e12
200	13	-2.3411244261383841387658122153176517143570101193977840150169454473956717521521119437984247633780625000335861426796145108882777268842672997068395950903686117990487686819780936626158712342917586336162449e12
250	13	-2.7644891952738907101790937885051590758590068686832247312212675011271574542225574701513908432075612799504800976038270527271176648859137118927424430189024813996780049383214097374053968688334207960999687e12
