#	Tc	k	lambda_k
0	22	-2.114239880949287213416975287340481363121718729960902525294e12
50	22	-2.656193709355133316379663544738398443327821956640422998579e12
100	22	-3.301019009858818133091665154860432982245003617553915272783e12
150	22	-3.915316824294214081593881189762761938427349068910125836311e12
200	22	-4.49025774039306356236071127484130309693739054531259489493e12
250	22	-5.187477630716483954012075691808956536450893854607439189872e12
