#	Tc	k	lambda_k	RE
0	2	-5.7585219096264749990069484715321053347071209398703358191165112432807052485539329099352338272899746248015788451950636853438864373838251638463465461254258623762060302109701537780232266058195035181482831e9	0.e-199
50	2	-1.8114950013084643613004850586800926262328824761805783784630062972208030275964413025479643116820177949495996771045464959737193952951405021556669880748814503013886128442320542964186078350814062946805231e10	0.e-199
100	2	-4.3316048104775729221613396852035806285508690484023910343397142126637556773204140164172827462346023251549149741206624283828932625933425070117880988887087412703993407181380173771642910620390167010886025e10	0.e-199
150	2	-8.6408462576861320932453044180932062404667975357018180278211773942358963699117733930667578960888456494282945326591206726750309151191899000135427119967627693500581281680331329170012087349317565993967486e10	0.e-199
200	2	-1.4889343678258388019371870405958973395866064962803782053918090648119298672734835645882563837880329528292959312380990287466086454175208233968195556053595361968512323111453111727638139657373181850872849e11	0.e-199
250	2	-2.3376242428720373518841523252941644265569508912469279435442569968061349798851876362711181451853174737368327099569309061338650657942702853121241749965469345913881137920553797277900267635744223020616994e11	0.e-199
