#	Tc	k	lambda_k
0	7	-2.008790743183211554361451406072824356782699886701268033622e11
50	7	-3.597778308552393357532889887311371943411968942971110169093e11
100	7	-5.490859932127552789774813110770753948655529529468645869208e11
150	7	-7.679188867832752377143979348178141878385127937620826743676e11
200	7	-9.981398772353949943732185138158208858165166031854667590461e11
250	7	-1.2315963410593181263655909647010013383404744296502204137935e12
