#	Tc	k	lambda_k	RE
0	4	-6.5175388776362277788899331754695257735131833921355346037128030016361204931952168796703665422641106692336824359357142905140310597164953100873472031573452675943210372809727792601727974544839666161826165e10	0.e-199
50	4	-1.2621781095140378843638605229415475699120559417630567443799938709539521025061596786767879405668079029093911663465671922992710362400139823778848056557778218150613368907544795660362426143197539247378465e11	0.e-199
100	4	-2.0933409769708549567835925186113456697539115700018601370306800964114162871904580894734876280333190681304892601425053691080029453158894005477591016295747884699893645743005628075243786252930608990527941e11	0.e-199
150	4	-3.158816669631965548287526836660913675218426829266113948398051766774900381260924177003261197966334924376765894496845497121203948129367895544503111872897266942386940197833380265525736442820939896419013e11	0.e-199
200	4	-4.2629407160806041213774321099517791162107850844633198102405336934214551938642348004745319382560162732175084624101878016208200130101923931874251031411240427051055496460390242683589169543889680021240162e11	0.e-199
250	4	-5.5520044758242220736860912864100518708051641499774851718624491583836662941201555295683847662795952842082981840897131192085815656257595506539096873207343118521516085797336971866780151463286673425538109e11	0.e-199
