#	Tc	k	lambda_k
0	14	-7.639617550034871202691357981834808529680523059051431961791e11
50	14	-1.1004181972434978090145413293177818355143571985172486107822e12
100	14	-1.519207561108515709303172233403776352361585533131580877307e12
150	14	-1.994789924036406907832384339030751041713105260806465802869e12
200	14	-2.46911008532333710040658471711731490592049617790709056943e12
250	14	-2.854451075226412007417564479835488260184731730136141760562e12
