#	Tc	k	lambda_k	RE
0	12	-5.556020454290320639088821165297958490004476389378364703851e11	0.e-57
50	12	-9.184610451174736658241585687046495170474520155502973681694e11	0.e-57
100	12	-1.2329614104347071523147619437838584820261055263884451553893e12	0.e-57
150	12	-1.5525267828655473560105592655671663533441154300911103228312e12	0.e-57
200	12	-1.891806717398385059696597122183045385303041598480142690046e12	0.e-57
250	12	-2.246964741847916960185454034035263463203109907758616192315e12	0.e-57
