#	Tc	k	lambda_k
0	9	-3.2778896582513633928496760772144167126371228595027536326044409824835971482569508193844118697363744391443444734337334657502389360058809179947629534445210208979371986206847844896180292018433481070609667e11
50	9	-5.7063825567384821979412547099407259382996425800312685511816752282380731892332669888906556284236619311572438592840319559757284309184271872383587743736627866227906009663531867653568230902087662912443786e11
100	9	-8.5091131566267017526789560580821314228581023980530531235210570473306256660178795928185089553123272678930391951137427251033435784905606961993841242360100511892550608391587559136641874811068950661104915e11
150	9	-1.1299235539501270894048040768411415430197227255252227540885144109356369661743868491787597596137169283732074184839251924765195337003844715538371866331104151496976683830388543463761689469117846352976052e12
200	9	-1.4082188858123862330193585998791223869010992341265635172102500702610017187786531986828573090790752625049076623207529056365196928906490700410413361302826280988743519288513300436231072267170391499197102e12
250	9	-1.7664189849807775808568440691925484026878101255943606004709811952776147597230877256106880172963902622176234690228695004693799292048003840009377827888331280363558002917577593927672677684411734672023959e12
