#	Tc	k	lambda_k	RE
0	19	-1.4430108869122062617479517891192986616673010854377300146675718683031792654590439650746047608204681626805673888507171464350692687962825638002594556309523425779810670135308760188234176326808908651917761e12	0.e-199
50	19	-1.9292231069174924532499508009268272328360071426211283395810388631814182947512806499083724111259400057254902269723711683342814338716828537765718002204410747380275024844230703874479357190261432993594196e12	0.e-199
100	19	-2.4216256246111857351786424765836398274207525566323953093978914841067436724510064455048836206715752834441944242517799066036475004526865363486610265553395021931007694396479656425494939261884188643232561e12	0.e-199
150	19	-2.9440922850229992110517794317295456192812504991215865088950269554294826560975723404382149758345128284960639450966044695433374801181133876661063340119120050154052274795299205815687303421737957382366493e12	0.e-199
200	19	-3.4579525125549233186546556100672917889278868738657750399468059678279376612441191293571335217346918550371025274998423677586890453100068832995218652799535421750705006893162329056072658203643883745914751e12	0.e-199
250	19	-4.1032495177639449953036292761168300318237196890097232440378122962654868108087952061488429484199031039287694245276313271404974386661104266259266859751520697827006253610762057528343092221706821584971192e12	0.e-199
