#	Tc	k	lambda_k
0	20	-1.9672101013083278557175698208166254405615698789496054360113937295339848703962556123882762488570869820723043308261387212083532774826547263162013911513080788221714927559997716931021909789969980763716355e12
50	20	-2.2459863632557891465025967338221236223085189430359698637682575308589116491959331853476413111504704212110916749932724948622211280526339166340309447061607032041642608859513815497878973930856688598777753e12
100	20	-2.6255775827863005479374804752235336300928549791367692713174292065351425550182176717348764813963737773034941585430965309117939788976193998083333110727309864537218508394267752862807823010825321160084721e12
150	20	-3.1433289833863958755208057210216951466187142258134899776016035154617355707681796027716903337740670398508672360881018744085093343171416460265798855830521268002883599031117579032088565477062648309899541e12
200	20	-3.85978753823526449848161764523525604675269003188383966586327406751503522034804063198878515477942465606098618903225426019787193169871308744057274712087591111405995176036112383181759874323037818079728e12
250	20	-4.5511196811247881941657820234916801536791318453441852088393776078760348072066569284800061586051246596529474667968961576390398512344433691970446614390526703493681991536004104173158722317217834289937398e12
