#	Tc	k	lambda_k	RE
0	5	-8.838098858416128635979200723720954096394546597458539597846e10	0.e-57
50	5	-1.811090959382740997824440748804151141869954986040231700628e11	0.e-57
100	5	-3.117591167102136130299814983420198669791828236730928340097e11	0.e-57
150	5	-4.838776426453477398887270997724080513493656618887270509672e11	0.e-57
200	5	-6.751722188183029948102800992577953370677997516012377841023e11	0.e-57
250	5	-9.148199959264454471003792946358331824577591198218068418191e11	0.e-57
