#	Tc	k	lambda_k	RE
0	5	-8.8380988584161127705200886370463614411334049303166762001462019014538294523683755976022427698136274000391290387774116411624427914117393063494705932954608491105440452474306788893324161155372265886873442e10	0.e-199
50	5	-1.8110909593827430393870639107954693661070705550920291053087113460436894937619373638916847262134808598031640113799424658144667523913836801353809982627333770612772342038344336776583394762107897262671993e11	0.e-199
100	5	-3.1175911671021377964408400743620995611706253708987629790018772997858683690363771027113582548094127304972467802013212496764328039253145812074007950278993103836787363104043460692427624009105817462760595e11	0.e-199
150	5	-4.8387764264534808568868754153366303123520185151519824899300108964233658355361121092041979489154286385665486102415816627626630636989706007090919302449120511755108197128958174115861569687310253021195231e11	0.e-199
200	5	-6.7517221881830307784349594028533337315625544142087727669491702258199730733718723611894592955559245464090291928358413281024056424540025390934776873353517236717258024545892467520155204796576119784004412e11	0.e-199
250	5	-9.1481999592644572833740473645879844613072477390222791538797997498997730160402671976576312370575797340743567017547016245711669456481393864141630191064844036535819761408049806624321338162344976888448581e11	0.e-199
