#	Tc	k	lambda_k
0	17	-1.053319524378917874014461436128058624232596729860657274014e12
50	17	-1.525617783180471125615327615086629590829250287660984412618e12
100	17	-2.075742400621373767253115771276909778955607498804720655247e12
150	17	-2.538949999942243981058988773963135478479475795397356557479e12
200	17	-3.010584457174167925351896944967006891210676548008930529615e12
250	17	-3.510947820592787701499589716918143325405608311838193245932e12
