#	Tc	k	lambda_k	RE
0	21	-2.031561559783037830820001621071616414619536566074094781895e12	0.e-57
50	21	-2.510776394310967308121140609598163494940232154756637562108e12	0.e-57
100	21	-2.947329364713672019475231284469577997840515509927172791002e12	0.e-57
150	21	-3.444436454592804222058946073874073426043840510421359770506e12	0.e-57
200	21	-4.05028959680191938691873319164103133080531525168580619066e12	0.e-57
250	21	-4.738402479032672440484507432469983435572609026540592056059e12	0.e-57
