#	Tc	k	lambda_k	RE
0	22	-2.114239880949287327061391223899510414843346343933235427128141978072239714813096039380456752552986432279457175121035734723025024122508797196633057460999805148150416225717263557120065276985336029066778e12	0.e-199
50	22	-2.6561937093551337738433238092531483623846993978074391784923671542826067492850800763655338760046788244711062000409902553447575745048131680845842468684829787169345749520432592322907872464491677837905612e12	0.e-199
100	22	-3.3010190098588184991402815155375896243403500366602241899523855180136063346662283858510955503996503572127530037835696386469773816278127749808135023739176411615003754936528143649571731947952992817695147e12	0.e-199
150	22	-3.9153168242942138992451272834909072724156536648344949426060254462326455782449147535162521048818329425411995634083020328523942496280630730496937143407499215067335574240059996125878860499357095623658108e12	0.e-199
200	22	-4.4902577403930642592546201242784603426040300294493980218223358679408627425997624509429829752494973785607268514352617503630618848199769362374056888012658584349800620674283026505341529810433330755221908e12	0.e-199
250	22	-5.1874776307164841308599866407146847058595021243513188588120331081498260234086850364884901182563910418054498858262376583545108433406571418639601411526269519370350490361989522347695200612414674054119059e12	0.e-199
