#	Tc	k	lambda_k
0	4	-6.517538877636227616893817249294021184226145229366081099409e10
50	4	-1.262178109514037868508236246881825332675576980329688069585e11
100	4	-2.093340976970855781350423513074169524837537874594070452844e11
150	4	-3.158816669631964909181406543899253751114040032552864395418e11
200	4	-4.262940716080601018498504850812543230880162957736025114468e11
250	4	-5.552004475824223162869778163810622092522700107964437464653e11
