#	Tc	k	lambda_k	RE
0	3	-5.7137017748414265477897645271945436308878136745867211392065606880064417519160705581998691163526818529231775253607303203639883454092075903900859543080802890198606227927977241958435023494849268950586235e10	0.e-199
50	3	-1.2318050370320877270755010162007701672436549156556656003034323216773848997036886449713240833733128511325189789676686499716173162137641948321543377202700043585139119216794601170006976847013621649774238e11	0.e-199
100	3	-2.0734771718286493618443480951253559441061708871562886534714598660088832601877556802897191823941783101583026940075162378404543113242070092487988554678847820309463924800897056343519972229741204696532037e11	0.e-199
150	3	-3.0563585332472460729219922238960061405280097236399512895229442867452337726839047723379235229506598358458536377266563378002306883172926170818580425856472637760620060600662983951811796301152470954972742e11	0.e-199
200	3	-4.221282291753708630382823120153158348915666684871031553134200517614812369613646644272000060586483470331803393197216495368576556437996894562273459901638095610188425088590368740961297549036296493304982e11	0.e-199
250	3	-5.4647261059914050282167839732450299897243818110390623721938828464163593960541828084938750857560042011364297874748098662449271508582138921261505117181205244240066977871727818791811314941391931763623618e11	0.e-199
