#	Tc	k	lambda_k	RE
0	2	-5.758521909626477137516529864662521030468531338916114514269e9	0.e-57
50	2	-1.81149500130846242819476327374628938174760804645537538487e10	0.e-57
100	2	-4.331604810477569252676396100490535059907889852915260974026e10	0.e-57
150	2	-8.640846257686120958589469458813003809908949718165338268786e10	0.e-57
200	2	-1.4889343678258394878203719312043101618428579847440449980914e11	0.e-57
250	2	-2.337624242872035873484200640360118376717213802982003708318e11	0.e-57
