#	Tc	k	lambda_k
0	14	-7.6396175500348712631689381669347922006469231936158739630002130557925183628013238579639203331757008314265430226904739657438615884142604027223105918609074798771605335544717121529646660270808560139650579e11
50	14	-1.1004181972434977898554398304021922572900190415799828034019792812784984899776892718647348400740303111010316686845809952399749379008403369172781912628253043701024776252865964471510176187201082548404693e12
100	14	-1.519207561108515905667567222242151731576237375513172095563589257153278964384751622240902008431633278252791653235525148274876647572615196905112961264514957696444219039307368933205701736848475297905904e12
150	14	-1.9947899240364068414353951748676887329131801174808457267295326621849784023843484689903312631917213942508605097296324453640438394272870420291408269691288358345472819501691026555544708166792978992718957e12
200	14	-2.4691100853233373947604224285465871177244137041355473500895946629384433869732816990871772010500377613272843355633503489402643079817566389825379431321142082138789502186935848073181987161154541763523715e12
250	14	-2.8544510752264120045089605758387604151151043877867194310334554203116321121693420622490529361522656921917404247648142077100502146842815932035953971726298248992320023746516439373779321825583958076969142e12
