#	Tc	k	lambda_k
0	8	-2.2385918191886901191651839080391226616894171303211258083942591575470396531028052562862886573585083926851264967573254225961831194819566608314303289732939397441167027330207874916558206705049248892494906e11
50	8	-4.2832225796556268179561456272859764438994454681287335041220698775409359358951949655262429313437246062285912040210132984377789857332364590781730546629194788368740815087968318515348331541886496722801983e11
100	8	-7.0253625992742952741555972558670482221600950584234185233173931410059155152871416309428665146225006210476803885079825715346710119523100054673441634444365939784770303612616356802414140774365441582309359e11
150	8	-1.0313735057437998479743299988041484428056250608391848972001832428379459103737094009376182587690726165436363398327634255653316981029994285540002637179461009421128484619135420892329535432019304715010786e12
200	8	-1.3805026463985528123833117508017561229499464114730160306448997464017341692759620608113431558654879942429148211174086378614842587468914417743878085675858157798590303510643782182633530125438402851812832e12
250	8	-1.6813065677167512420297211601517306873665861229718100847478749524878114940703075697469882837568642067475226183197433804370875160416175457559968604325511272712120736128254060983349640829028701458815969e12
