#	Tc	k	lambda_k
0	16	-9.8191392014349845510033427097892309472983614837473372750502508277820748653444392679684903281408240639240075457560289778107109821470189114631203836256353316458848738146819223289797939755811138300851246e11
50	16	-1.3796329062820229909463336364020867545274895258817817016061083451215618785451396083168900213584078887537528277310865978715697929292756518820216923485627218504288722956070806112958899438694276038094147e12
100	16	-1.7977108149959424349291976721401262349867578663409275182565787324693258080288125752076380658165583522777506953260397304889101761882549793798694256229584153339858006193592566908135150423870909688728329e12
150	16	-2.2565671717014263543674969902764450234019865735672625283952718624422945689258949748141999993837999252421853933555985770017999329144536073649896983209997283890208691918963941060030003494964935407241662e12
200	16	-2.6595279725255919029980152176369633987837729931203682951149570363810896346167103164309419795584409877284058714379103345464509312328926921846356244209772989380952103911040116674516824478800012392880066e12
250	16	-3.1514764560099844007677070264597204984383678364819888337884693109744793815259499351867630368514849737575521928028539418448462954576996036361529780749169445311424368290010804021269722971212733749496524e12
