#	Tc	k	lambda_k	RE
0	17	-1.0533195243789175636976456327732356064743247183632774423550167305297329217339794798068729082792472168356594648757214731159189479726245155432825850155943493766398081660776883913705301709563776471188009e12	0.e-199
50	17	-1.5256177831804708804223228429381972291647668080360603189498959047141412814161998634803291374729252755203410587040374045196107861318842977985756340599428887241311918625608479201345626608158383894337602e12	0.e-199
100	17	-2.0757424006213734161318979835153696133609890499868901950470218085621980228576002955798620308408571460354016385321038349621732985802855647854213001607763043133722934067894871267207688740607156146085559e12	0.e-199
150	17	-2.538949999942243817221183491973092681345126451176991037639944588250143599126336862922654849349819615637802860839018963251961432691414310075435423605969484104692167095977657592498693389813655585630303e12	0.e-199
200	17	-3.0105844571741679023152101526521072592036040916887088703167774708083989811988731027047877595930056989612303985046974449600928576104666922871629897378382321589612363537443069677575139535735121666397197e12	0.e-199
250	17	-3.5109478205927876425030216140355069853557989225417867239703573455412448939009346288875218176080470882888392816812118519349099913486225491263004927793696980789782968806945769822863714636202522889324883e12	0.e-199
