#	Tc	k	lambda_k
0	7	-2.0087907431832119312751798335885393499112456378659086169096504678160803092226175793784884688043044425013351568731811369825773922023505552492436882643908410253322377907120567668764591069806321052301714e11
50	7	-3.5977783085523932701834206332835271790818527318870304998484292942830761549779504367967419029463701275618728416110393232257862058960834823860556143658957275292357016556545414166857358921380237408054495e11
100	7	-5.4908599321275520400586898873210529998242322415169702995099123248630982251127312486877632604808889445667886537028551304531214047559448638392645789779868699895043233979197207035707605277010390886640202e11
150	7	-7.6791888678327517959460745926781920581822585614904075208979402788965381705769052845519498556846323792431996853173362391110005634502850715854545230283849242073011502053910298128180354557849282377003856e11
200	7	-9.9813987723539495734761174182281188772729191633363588616480659384511359373325568039764555374554747601369766922828680442194411833556019488641288642478551058081665156215088309826103043252185561323190648e11
250	7	-1.2315963410593181486674169342036360688163941729163633050377037186189055175561309684317114156998847439431959020892672842079859410331901084997669674702807655516665589319005186745301281967785767655597231e12
