#	Tc	k	lambda_k	RE
0	20	-1.967210101308327925783487414039095316114063065048679521753e12	0.e-57
50	20	-2.245986363255789591453408552174145414033968089221762393026e12	0.e-57
100	20	-2.625577582786300532865806496069600824162738941889216643661e12	0.e-57
150	20	-3.143328983386396075249729165241551975846856322003746878316e12	0.e-57
200	20	-3.859787538235264600092318735629418020012387542128687666221e12	0.e-57
250	20	-4.551119681124788329922711095239176939258153919416596561041e12	0.e-57
