#	Tc	k	lambda_k
0	10	-3.541158867523797499801351043635171140969498565269049054529e11
50	10	-6.114652654874842964490061623056326238551508964938015791153e11
100	10	-9.020301396785730527513536223039531630223910572221628541462e11
150	10	-1.2277309539136959666365610783887233805524654653320714016232e12
200	10	-1.5615761690922576509765195636657245095228709033129124956841e12
250	10	-1.9199973384782268976738653284432878302364985713128174760321e12
