#	Tc	k	lambda_k
0	6	-1.136848966775312229439012149744368302116026564074461006777e11
50	6	-2.337925961013138721470851694440685074922829091761737825922e11
100	6	-4.084590855417376384371076194133657488469389147851023191272e11
150	6	-6.260258720347902553502375201290497156580347330132230354742e11
200	6	-8.699657198765024672104631539648408667028087595337829619819e11
250	6	-1.1752025468098218244550988417578822735226596891824777354056e12
