#	Tc	k	lambda_k
0	10	-3.5411588675237974219803146053955265937216558218896196495434119744551766386891569414230448396019082045797500084508058159479909827609041325560830260938769815953984780619573405700021061354445694714504371e11
50	10	-6.1146526548748423033646998296602827967617253722283272993621146487341763913194549425120831293433485902430549107762856638593460709154349478597082170465738641092445354222450500890441282051093664566472939e11
100	10	-9.0203013967857305842733571270045733650884026433327894504146399433104353554244398909081057785660242839381766504365418149213907777378684857489188598411017317649265256192807912225975447536050644913220129e11
150	10	-1.227730953913695890307474138431207790702231452334971308560479991279953476888580905378654742221655236730518242850998512644204042757554000001661549560750924655032894715902643244848572347295082728595364e12
200	10	-1.5615761690922578516912106408718976377165118144559887803286970057407310324098780310707409072637504493275256015084104102210868348776405843948815900784249177848144971748966439545082169148675972975649734e12
250	10	-1.9199973384782269505655600173295706455046566598097754836931048259510018252955523895230875371215819627388282394865435790681511126338048535875130104541241254134837174471858323535735574682700518081955187e12
