#	Tc	k	lambda_k	RE
0	19	-1.443010886912206431677487533047664051726599180169184009109e12	0.e-57
50	19	-1.929223106917498736079204077065665972293864962688896178192e12	0.e-57
100	19	-2.42162562461118594220346768482211218745585774141256954554e12	0.e-57
150	19	-2.944092285023001526772844602829891296772785782669407842542e12	0.e-57
200	19	-3.457952512554923354369470808040570778076306242461827322399e12	0.e-57
250	19	-4.103249517763945178979460124797243744621374169343728278694e12	0.e-57
