#	Tc	k	lambda_k
0	15	-8.157220720073942441302945921258269896188390441446676146e11
50	15	-1.215173844596675374548314437509942930353155903324707251137e12
100	15	-1.651372921263666441312328485288742701961427255563502801536e12
150	15	-2.10050391156582471499049843438327983708331581775710230158e12
200	15	-2.603230899548028561571323738552716307938587847284944261958e12
250	15	-3.14425457501875187509626607886795253171516859855820969858e12
