#	Tc	k	lambda_k
0	21	-2.0315615597830378274169493371339789603963188843844350408587953891344163833581429647151708587304304374761571432474964350071256538465576338379998973542505224487550639858747000403651246943892103955111558e12
50	21	-2.5107763943109670679278632192393918666970378630925925862364042781471609454659568953103365108109628680622443375245290037677953908160503888539795288834466875678634736056904944039565106885120850571445561e12
100	21	-2.9473293647136721282577811678583203700857865573044353809281955066534526728426560903491263214906603652675715666123469776778280978885796930393301102324010900563436111190812252399306026493500560955306227e12
150	21	-3.4444364545928039010399548674087117871642321699603768613663127557797498268137076709030304225331438242857946803912889189772070273732167992364723071145217409589177459223756192826273235213431189433768968e12
200	21	-4.0502895968019197450317434852549469748379697541791725468249330330758800184744927949554711366627716293648582223918176669230774639481842849411718317411644082055112939028801626811058707547148433524655022e12
250	21	-4.7384024790326723513527983209142211482960987115164754587887579730242962282822937220679993573710825568141861878035194515449608776100371201094855482576372633450339055922666462201322535242947825993686269e12
