#	Tc	k	lambda_k	RE
0	18	-1.1003513033788805619949392768933918132343730071470954028569236932371555309042868095255955480190398882650997483522234330698105591706013995927327772418522329132248463468870728486397625209638210783631925e12	0.e-199
50	18	-1.6444590116208912376374622524800179226021123808201217737616348444871051866377401591993891805415693120152473542464791136131121903554708121392018473901812102661346061623440593519923792798691667105009679e12	0.e-199
100	18	-2.291681126803192965869598648225529901243893596250804409577755029036348577386574368118258660127272399385176368017026122706603666354880651484258617151303401801247398981707948407685512657622189021682978e12	0.e-199
150	18	-2.8745461661874129773460976677353222404733482763025901472184100608486140584704620433758351050147038424244875962179001266270359398684096360899912653805829359692895224404942644142520753757158462164778706e12	0.e-199
200	18	-3.4558832722017321492482509351139741047471917862540567096452053444256431633164965749402062179656993741844297618948167673004761012820291361819102608015132417292375868271415305096972963735309511314444247e12	0.e-199
250	18	-4.0689479791489619470331585304309274983170079666436323308438856950917990055545681381671934058121736228287250170076460901411339504853254788671157524341282197508297992484472552972515168575734102420116977e12	0.e-199
