#	Tc	k	lambda_k	RE
0	15	-8.1572207200739429248834789031392191156133781905298913142380594537019921055495582805873530180595270301472028466422886372697633020826575511066319544716852403803268681784702798146128386664695605249515202e11	0.e-199
50	15	-1.2151738445966753028545527531565021151594400494066573409209461270989443001160676543565949818075632704857227302291843140128702943768167803906645312894768343728811925588824805912429622459818715758594726e12	0.e-199
100	15	-1.6513729212636663672371544178944091367374308905045343663014294096215895731605284030950482969049834966608545482147643971295028126910962581336117674464326626153728679924956863864075956896433464410121535e12	0.e-199
150	15	-2.1005039115658246390090024603580021543365740961583353374117350309383168583155674486995438897246431950333629163612122065860852765782193730246887790494726903407661483446958051851599112417805003324285126e12	0.e-199
200	15	-2.6032308995480284386506087038014037121535159349900959187659054980549484176400925507708309751126770087441034297920420116307377123188548951007218226881439867066776638320527011080633812691679432456920005e12	0.e-199
250	15	-3.1442545750187517631230757420508715023264870833488080880345567778925514900405992627153205104753013082643803794383635994963133757559193228104696612958314028976318917487041877559725900746972116316132163e12	0.e-199
