#	Tc	k	lambda_k	RE
0	8	-2.238591819188690419655135305271752352859327071391014350944e11	0.e-57
50	8	-4.283222579655620127982915969781796304136502803061426180965e11	0.e-57
100	8	-7.025362599274276360428537754907876119295977392682691421624e11	0.e-57
150	8	-1.0313735057437996993507732453237869267825168303012911343407e12	0.e-57
200	8	-1.3805026463985521701074685789051735518596473470959837259867e12	0.e-57
250	8	-1.6813065677167512665086420860994996203868102996153933093388e12	0.e-57
