#	Tc	k	lambda_k
0	11	-4.005178039453089659321981352810631874229321714934959921297e11
50	11	-6.45803687022659335484707525379918687228518788787630665001e11
100	11	-9.21049416100179231974825872994698398045632717884890656265e11
150	11	-1.2523790488320129537945172481034544501066404177078619966144e12
200	11	-1.5735661371746429194457042125013351967413996091620861302188e12
250	11	-1.977334217920969821579661235237607175173919054870124838498e12
