#	Tc	k	lambda_k	RE
0	11	-4.0051780394530911876098112400463120237617296352405638689190843283919228439749632743013077231129157877394609159539911438001885046836830985938038199116615063929620237306609525889196549029058277603948576e11	0.e-199
50	11	-6.4580368702265965709977440369555736965889694067938867413639553201155080384731570076701446937562315533372268999819590753877208614752347220263978981215750009750024685011556223253592958851259619758982443e11	0.e-199
100	11	-9.210494161001789807228722978754952778900990502778409481369410766921235233796798151740048611742661476698413390338167646753690006610308796637288306498187306572826372950263237884824601026841703753817176e11	0.e-199
150	11	-1.2523790488320123941687814177447450492743014284581943670667806356393421363478569822841869862715244938846967598151676393464770517359680574653287978559120666793448227438773511444174015663783895553193371e12	0.e-199
200	11	-1.5735661371746437379798904941432641045286708379498083023565340338494888960935140233340032218047617941828843472015879464696290125190881832405559721270536250461995341809087746579578401464465203461775717e12	0.e-199
250	11	-1.9773342179209704767163609743619647015879059334830835092866460022444310191386557467163747926157093681131626018870989355599850248586822308164240442557062398413432929670804105127175532632303077258167694e12	0.e-199
