#	Tc	k	lambda_k	RE
0	18	-1.10035130337888060666526190013402913215102644769490784595e12	0.e-57
50	18	-1.644459011620891280525676101229863684042117731174071866834e12	0.e-57
100	18	-2.291681126803192661583650923097992144460901478047768714974e12	0.e-57
150	18	-2.874546166187413040162412704759832777721298585284583997347e12	0.e-57
200	18	-3.45588327220172842169667982571883121291184914829307048367e12	0.e-57
250	18	-4.068947979148962947360831804366639624722360479422612044721e12	0.e-57
