#	Tc	k	lambda_k	RE
0	9	-3.277889658251363384588821271611552049719568152149929260167e11	0.e-57
50	9	-5.706382556738481877023811342084493371247065315592132730606e11	0.e-57
100	9	-8.509113156626702147062476522408934748068664376801437436602e11	0.e-57
150	9	-1.1299235539501270291873765749083950681744136862430873061525e12	0.e-57
200	9	-1.4082188858123861761686132712662489275967714362819730833764e12	0.e-57
250	9	-1.7664189849807775327643824941664513777621424835062012989262e12	0.e-57
