#	Tc	k	lambda_k
0	16	-9.819139201434989936906688625520495858431622317608121787029e11
50	16	-1.379632906282023452112937261955332920855284946356552746549e12
100	16	-1.797710814995940166880645308876182619070807556329965884111e12
150	16	-2.256567171701427466648611598163288178975071210287350024686e12
200	16	-2.659527972525596229161331936473129624703858688362573348701e12
250	16	-3.151476456009989764958285658099817648265735915504586057953e12
