#	Tc	k	lambda_k	RE
0	6	-1.136848966775311786658523711754451074053186599529786598839282029328360024366547846419656334679685235446460247945841100862627089145186983542683664333341651715089466896880158807142072476394560736723501e11	0.e-199
50	6	-2.3379259610131409097053819070526499229024874805796386283886752622803099427331368252491566558567036536248721622121928559296385401662321149008328988964353935880596004178054173419867016041785141470182663e11	0.e-199
100	6	-4.0845908554173750458998961317134742758614467578221666032159331079918779166756377238200178150946575322539063441170405804251296973498757969658190416849262459835458304326759718429509242454713368773275895e11	0.e-199
150	6	-6.2602587203479090513103418196315005760389812332165690975218054798162862473250782660714530285186011998956606457354713687917377992071482795306077247936089029844426289418896896948189057354583909808953683e11	0.e-199
200	6	-8.6996571987650189012996098740404969711884883446543840023440212241632905576797638276988426221321978068707122730636413368097928997809062554753346946572064536335276493966674098841753420757454376944195482e11	0.e-199
250	6	-1.1752025468098215498879268397894367528520733636608014116184239983969851026931424894774634403372209630012898120240081862035031430807176033217738559969406195910910570152291883113746175819936276078666121e12	0.e-199
