#	Tc	k	lambda_k	RE
0	13	-6.234215286387226829858706219594477984933740486999015075315e11	0.e-57
50	13	-9.492298862150337035610659006681447268546241454480524592713e11	0.e-57
100	13	-1.432242424098605692116194988957712322128587255801051749361e12	0.e-57
150	13	-1.903205686566917219408428955373923961073683221183145589621e12	0.e-57
200	13	-2.341124426138383976031701133550641039980370789905267410003e12	0.e-57
250	13	-2.764489195273890748293752490333406917942080357596376892539e12	0.e-57
