#	Tc	k	lambda_k
0	1	-3.493578127630703420040389007363107162204426905189975735058e-13
50	1	-1.470011285171483336161270363577856365627392767644704398553e-9
100	1	-6.285370085970085497484852282773146675580776785771708427071e-7
150	1	-0.00006417592575358703987522411616355691254262205391462502413273
200	1	-0.002426020498868404113853657564321517543135711686071014151087
250	1	-0.04662488897812252847350179096699149927536707899370893180948
