#	Tc	k	lambda_k
0	12	-5.5560204542903213728723274809344794899260485757765505285357025940140359426080922496645614020923188061422518943245801776521541263447341586949742827736366831978009550007380903375958998952015327843650546e11
50	12	-9.1846104511747373371505707975085654673277678378978734587429028164288604913709800624912565739578530767485565488315801711930982109770982025392772071790134018847195162386482614362540020941833271402482157e11
100	12	-1.2329614104347098319742827803530139246670970983786236428911018863796752609507406110969800215997581868414187627764650751880751507210129395549630831886103407287430551353155059761394122945542392987253675e12
150	12	-1.5525267828655466827492150078786159893443280798760452528505477320417040767973497691160078807087821926430956273809496622019034021529862045458259173703583207662647476888080061712614474645548512996740053e12
200	12	-1.8918067173983853819690523315298739954031674276553077928377175244384293203240270993719602360335116230251182746591392605331597382462444059100926947167061630066007070020462427033181783041178540846095059e12
250	12	-2.2469647418479159863398480229962538986937290644850266262250976656998012538513602814540807953526136147344030517211401227469806371166474922167713389343283934570649085846225548899441739892835475900099536e12
