#	Tc	k	lambda_k
0	1	-3.493578127630703425593404642771402844250848714944656021879e-13
50	1	-1.470011285171483336415531134754138998685309270158507227555e-9
100	1	-6.285370085970056955339463422815808550336984745574124557635e-7
150	1	-0.00006417592575358737959351921060768829297068758557421812542233
200	1	-0.002426020498868473647648458870910557644526283930639453223652
250	1	-0.04662488897813964257865495257236005469486360264213000857544
