#	Tc	k	lambda_k	RE
0	1	-3.49357812763070342559340464277140284425084871494465602187865338981332078966539834155574634468895766421950651904905734144228517273146075789836108995864512879531393794202029331130850472085764253098008e-13	6.1269674126334603698644474425533247420924160480115012543613647094208412492140208595221500994799167938104491418781950031606617456207611112597672254793254242313163661929334354736298591e-15
50	1	-1.47001128517148333641553113475413899868530927015850722755531201622196183835682143800282572386461447117510028856947647348593380072563964383995548341651408884643557384703230044866928649682875439691202e-9	4.62815132599240999249164873929369066812669703203225326014244458649572207709178879729921211696571726950944349675741453582102410242138611300032312109549826293962447909384347680041454911e-15
100	1	-6.28537008597005695533946342281580855033698474557412455763490766228656306456801203466771413857792209545537587404195987833516590411388824007926363148500220596077324192530578107211797428154781101368615e-7	4.42604529897384691886276871492361770017743591279089955437433795784219744358948276689129453763423665557248895177861394686912980906800673616730644661840024892493402372528666920589513518e-16
150	1	-0.0000641759257535873795935192106076882929706875855742181254223271722986415105416962816851194719952333002019718632446952502702480094871152319624836825524310764222974733855938098877371349663207040823255559	3.892124917283674762810845802843059998186685993482863328348751804372386552926097408003557072807432244774723955914116898629399720246178161916131739675214331793855570920899831921530040828e-15
200	1	-0.00242602049886847364764845887091055764452628393063945322365166601641005549637216217834753591710757274127769380696387330975452999556864593799449058528545489684572932185110735856043323234021636927168191	2.7305124025612185951036497659388394854418721410433013502690786817646845272238944101219818507771247770417123636162095766585689442366848249328852606023676433707665708592870012553723001849e-14
250	1	-0.0466248889781396425786549525723600546948636026421300085754368942049146869677951587731962654616784646259511466405088739550446136940717523629473607314000605140149932401009465172903749729216148531197835	3.64997090924399282711979523561669836796228646689655401271560924864920171360317295510670189940666135992095533571540779232901402037537096077672771943985670014914830354583906697686425534823e-13
