#	k^\mathrm{gpe}_\mathrm{F}	A / [s]	E_a / [kJ/mol]	RE[A] / [s]	RE[E_a] / [kJ/mol]
k^\mathrm{gpe}_\mathrm{F}_1	6.6635934761975222822470703915891227614023059895378939686e10	121.68092670492410720366521222562774982576400104860616940174	1.36994083898011782727198115600911381100859436255e-8	2.97077442484411537713879976373909123826916155354e-10
