#	\lambda	A / [s]	E_a / [kJ/mol]	RE[A] / [s]	RE[E_a] / [kJ/mol]
\lambda_1	6.66359356748758203714304199829093159511869517486851883569225396532032353860486804335635405234619598231735017113490827443686259686485623097033322419039818007281012669573595306816308454380282393369e10	121.6809267410738679945641822941729814481913775182495257470332877799244804728683436999336162439914708026332697433442593024493599543230290129419670022749892154918239132768145519776625576855807724517581	4.072924008478395075159027147196100659681225667611738497872686056428969235622040192918751980239931921718288328512080163225694812816201044275165289209022857731041261001434710923162282298e-13	8.837264862926151409606120896266886187947769619138673374251827113980950309278927287071050586834138533482849662432776554044988407715161937947586261388121421011288913842875586484279559741e-15
