#	\lambda	A / [s]	E_a / [kJ/mol]	RE[A] / [s]	RE[E_a] / [kJ/mol]
\lambda_1	6.6635935674875820371430419982909315951186951748685188357e10	121.68092674107386799456418229417298144819137751824952574703	4.1571116865414510370012347019661829367648987e-13	9.058737121366716121076989487741223382398554e-15
