#	Tc	k	lambda_k	RE
0	1	-3.493578127630703425593404642771402844250848714944656021879e-13	1.589492329222439465392801642303132380043e-18
50	1	-1.470011285171483336415531134754138998685309270158507227555e-9	1.72965183152741569879267438815393707554e-19
100	1	-6.285370085970056955339463422815808550336984745574124557635e-7	4.541044520603555821527203008119706291338761e-15
150	1	-0.00006417592575358737959351921060768829297068758557421812542233	5.293547246966764111294108451004795062376071e-15
200	1	-0.002426020498868473647648458870910557644526283930639453223652	2.8661668289175633497830547647012913348823142e-14
250	1	-0.04662488897813964257865495257236005469486360264213000857544	3.67059429593321661055664673421577819820843113e-13
