#	Tc	k	lambda_k
0	1	-3.49357812763070342559340464277140284425084871494465602187865338981332078966539834155574634468895766421950651904905734144228517273146075789836108995864512879531393794202029331130850472085764253098008e-13
50	1	-1.47001128517148333641553113475413899868530927015850722755531201622196183835682143800282572386461447117510028856947647348593380072563964383995548341651408884643557384703230044866928649682875439691202e-9
100	1	-6.28537008597005695533946342281580855033698474557412455763490766228656306456801203466771413857792209545537587404195987833516590411388824007926363148500220596077324192530578107211797428154781101368615e-7
150	1	-0.0000641759257535873795935192106076882929706875855742181254223271722986415105416962816851194719952333002019718632446952502702480094871152319624836825524310764222974733855938098877371349663207040823255559
200	1	-0.00242602049886847364764845887091055764452628393063945322365166601641005549637216217834753591710757274127769380696387330975452999556864593799449058528545489684572932185110735856043323234021636927168191
250	1	-0.0466248889781396425786549525723600546948636026421300085754368942049146869677951587731962654616784646259511466405088739550446136940717523629473607314000605140149932401009465172903749729216148531197835
