#	Tc	k	lambda_k	RE
0	1	-3.49357812763070342e-13	0.e-18
50	1	-1.47001128517148333616127e-9	0.e-23
100	1	-6.285370085970085497484852283e-7	0.e-28
150	1	-0.00006417592575358703987522411616356	0.e-31
200	1	-0.002426020498868404113853657564321518	0.e-33
250	1	-0.0466248889781225284735017909669914993	0.e-35
