#	\lambda	A / [s]	E_a / [kJ/mol]	RE[A] / [s]	RE[E_a] / [kJ/mol]
\lambda_1	6.66359356748486800612066686654849298628949516570013214731758906290180531817602329506172593063034784844016099477104429253434558800778121402483262925564848894799014663994042828559247722799585341138716e10	121.68092674107279266798580512044832902230599589627138898628067272509658869962479932669758039998794655990349294780408378377537295064857799436516622067217985475470560961013768515243430984843446881082559	0.e-198	0.e-199
