#	Tc	k	lambda_k
0	1	-3.49357812763070342e-13
50	1	-1.47001128517148333616127e-9
100	1	-6.285370085970085497484852283e-7
150	1	-0.00006417592575358703987522411616356
200	1	-0.002426020498868404113853657564321518
250	1	-0.0466248889781225284735017909669914993
