#	\lambda	A / [s]	E_a / [kJ/mol]	RE[A] / [s]	RE[E_a] / [kJ/mol]
\lambda_1	6.6635935674848119e10	121.6809267410727657	0.e-17	0.e-19
