#	k^\mathrm{lmp}_\mathrm{F}	A / [s]	E_a / [kJ/mol]	RE[A] / [s]	RE[E_a] / [kJ/mol]
k^\mathrm{lmp}_\mathrm{F}_1	6.66359347619480825126188647839420608265305571871873924944507992242220548178236016700283187892069218729101158852044260445157661435703753906663746262892676604832397950345444933368478867024954460915803e10	121.68092670492303187708683881194602158213302375930921170796889939005174795926562877639013694832985071519037753074655804810184634682493172528174619093374961272703397505056066929569013536525997741743541	1.3699824100964135826640512878886874195099082267146191298931374905484105647688229700498035888741700828568770150092972452324008124046166067463525096663258158255115491990186974920815060420489979e-8	2.970865012215328077327420518248520020370948607766554897270596781166390359028827534574250669976861347348948935830656925540345533365203804426265879262834885868873364774267066728392744975830611e-10
