#	Tc	k	lambda_k
0	1	-3.493578127630682020554063160562598695916073505760616136804572947072076067837503677052513030726503446458630708950770266801264813166203319688540125620617645925101184623263472788887832803126505337178459e-13
50	1	-1.4700112851714901398502098249929704505466557582795497345911488562150405378682457537909220650099517219801290307488244158991533649378905029237714865379783792437491422573450432943301549817612566334195333e-9
100	1	-6.285370085970059737272735554678504657263478014863887647884487636944482986064057711292495408741202189353354803730556369673707714111704005059182401822409540017057270457819207780810171687462277058880443e-7
150	1	-0.00006417592575358712981279949532412770174494657273883098479377667055398149411189247353349511718388682529341654533713965386797804260863230684739029832058034704657869455927798330576283865313223772362473312
200	1	-0.0024260204988684074048578485914985474387885175559340721461295907993226095736870342239834519110651443118224232191270579137465700403610562988422623806559215538789919538396387232397036071681976972828073959
250	1	-0.04662488897812262462981326472677910829183841422732075523540006415467929511905732615749820493848702591471410942122701264221823241784103457017546399904627488555469964907362868810424247829946431434238261
